<?xml version="1.0" encoding="UTF-8" standalone="no"?>
<!DOCTYPE log SYSTEM "logger.dtd">
<log>
<record>
  <date>2026-05-13T09:24:32.164371300Z</date>
  <millis>1778664272164</millis>
  <nanos>371300</nanos>
  <sequence>0</sequence>
  <level>START</level>
  <class>com.kms.katalon.core.logging.XmlKeywordLogger</class>
  <method>startSuite</method>
  <thread>1</thread>
  <message>Start Test Suite : Test Suites/TS-Web_Regession</message>
  <nestedLevel>0</nestedLevel>
  <escapedJava>false</escapedJava>
  <property name="rerunTestFailImmediately">false</property>
  <property name="retryCount">0</property>
  <property name="name">TS-Web_Regession</property>
  <property name="description"></property>
  <property name="id">Test Suites/TS-Web_Regession</property>
</record>
<record>
  <date>2026-05-13T09:24:32.197766Z</date>
  <millis>1778664272197</millis>
  <nanos>766000</nanos>
  <sequence>1</sequence>
  <level>RUN_DATA</level>
  <class>com.kms.katalon.core.logging.XmlKeywordLogger</class>
  <method>logMessage</method>
  <thread>1</thread>
  <message>userFullName = Rizky Haryadi</message>
  <nestedLevel>0</nestedLevel>
  <escapedJava>false</escapedJava>
  <property name="userFullName">Rizky Haryadi</property>
</record>
<record>
  <date>2026-05-13T09:24:32.199758100Z</date>
  <millis>1778664272199</millis>
  <nanos>758100</nanos>
  <sequence>2</sequence>
  <level>RUN_DATA</level>
  <class>com.kms.katalon.core.logging.XmlKeywordLogger</class>
  <method>logMessage</method>
  <thread>1</thread>
  <message>projectName = Katalon-Testing-web-automation</message>
  <nestedLevel>0</nestedLevel>
  <escapedJava>false</escapedJava>
  <property name="projectName">Katalon-Testing-web-automation</property>
</record>
<record>
  <date>2026-05-13T09:24:32.201750700Z</date>
  <millis>1778664272201</millis>
  <nanos>750700</nanos>
  <sequence>3</sequence>
  <level>RUN_DATA</level>
  <class>com.kms.katalon.core.logging.XmlKeywordLogger</class>
  <method>logMessage</method>
  <thread>1</thread>
  <message>hostName = AVOWS - DESKTOP-GIJGKF8</message>
  <nestedLevel>0</nestedLevel>
  <escapedJava>false</escapedJava>
  <property name="hostName">AVOWS - DESKTOP-GIJGKF8</property>
</record>
<record>
  <date>2026-05-13T09:24:32.203747Z</date>
  <millis>1778664272203</millis>
  <nanos>747000</nanos>
  <sequence>4</sequence>
  <level>RUN_DATA</level>
  <class>com.kms.katalon.core.logging.XmlKeywordLogger</class>
  <method>logMessage</method>
  <thread>1</thread>
  <message>os = Windows 10 64bit</message>
  <nestedLevel>0</nestedLevel>
  <escapedJava>false</escapedJava>
  <property name="os">Windows 10 64bit</property>
</record>
<record>
  <date>2026-05-13T09:24:32.205739100Z</date>
  <millis>1778664272205</millis>
  <nanos>739100</nanos>
  <sequence>5</sequence>
  <level>RUN_DATA</level>
  <class>com.kms.katalon.core.logging.XmlKeywordLogger</class>
  <method>logMessage</method>
  <thread>1</thread>
  <message>hostAddress = 172.16.99.123</message>
  <nestedLevel>0</nestedLevel>
  <escapedJava>false</escapedJava>
  <property name="hostAddress">172.16.99.123</property>
</record>
<record>
  <date>2026-05-13T09:24:32.207735300Z</date>
  <millis>1778664272207</millis>
  <nanos>735300</nanos>
  <sequence>6</sequence>
  <level>RUN_DATA</level>
  <class>com.kms.katalon.core.logging.XmlKeywordLogger</class>
  <method>logMessage</method>
  <thread>1</thread>
  <message>katalonVersion = 10.2.4.0</message>
  <nestedLevel>0</nestedLevel>
  <escapedJava>false</escapedJava>
  <property name="katalonVersion">10.2.4.0</property>
</record>
<record>
  <date>2026-05-13T09:24:33.076826Z</date>
  <millis>1778664273076</millis>
  <nanos>826000</nanos>
  <sequence>7</sequence>
  <level>START</level>
  <class>com.kms.katalon.core.logging.XmlKeywordLogger</class>
  <method>startTest</method>
  <thread>1</thread>
  <message>Start Test Case : Test Cases/Web/TC-03-Register_Valid</message>
  <nestedLevel>1</nestedLevel>
  <escapedJava>false</escapedJava>
  <property name="name">Test Cases/Web/TC-03-Register_Valid</property>
  <property name="description"></property>
  <property name="iteration"></property>
  <property name="id">Test Cases/Web/TC-03-Register_Valid</property>
  <property name="source">C:\Users\AVOWS\git\Katalon-Testing-web-automation\Test Cases\Web\TC-03-Register_Valid.tc</property>
  <property name="tag"></property>
  <property name="isOptional">false</property>
</record>
<record>
  <date>2026-05-13T09:24:33.797449700Z</date>
  <millis>1778664273797</millis>
  <nanos>449700</nanos>
  <sequence>9</sequence>
  <level>START</level>
  <class>com.kms.katalon.core.logging.XmlKeywordLogger</class>
  <method>startKeyword</method>
  <thread>1</thread>
  <message>Start action : openBrowser(&amp;quot;https://parabank.parasoft.com&amp;quot;)</message>
  <nestedLevel>1</nestedLevel>
  <escapedJava>false</escapedJava>
  <property name="startLine">20</property>
  <property name="stepIndex">1</property>
</record>
<record>
  <date>2026-05-13T09:24:34.186656600Z</date>
  <millis>1778664274186</millis>
  <nanos>656600</nanos>
  <sequence>11</sequence>
  <level>INFO</level>
  <class>com.kms.katalon.core.logging.XmlKeywordLogger</class>
  <method>logMessage</method>
  <thread>1</thread>
  <message>Starting &amp;apos;Chrome&amp;apos; driver</message>
  <nestedLevel>1</nestedLevel>
  <escapedJava>false</escapedJava>
</record>
<record>
  <date>2026-05-13T09:24:34.261987500Z</date>
  <millis>1778664274261</millis>
  <nanos>987500</nanos>
  <sequence>12</sequence>
  <level>INFO</level>
  <class>com.kms.katalon.core.logging.XmlKeywordLogger</class>
  <method>logMessage</method>
  <thread>1</thread>
  <message>Action delay is set to 0 milliseconds</message>
  <nestedLevel>1</nestedLevel>
  <escapedJava>false</escapedJava>
</record>
<record>
  <date>2026-05-13T09:24:37.939455Z</date>
  <millis>1778664277939</millis>
  <nanos>455000</nanos>
  <sequence>15</sequence>
  <level>RUN_DATA</level>
  <class>com.kms.katalon.core.logging.XmlKeywordLogger</class>
  <method>logMessage</method>
  <thread>1</thread>
  <message>sessionId = 220611b3674e0c52db26f6571aeb8423</message>
  <nestedLevel>1</nestedLevel>
  <escapedJava>false</escapedJava>
  <property name="sessionId">220611b3674e0c52db26f6571aeb8423</property>
</record>
<record>
  <date>2026-05-13T09:24:37.941167Z</date>
  <millis>1778664277941</millis>
  <nanos>167000</nanos>
  <sequence>16</sequence>
  <level>RUN_DATA</level>
  <class>com.kms.katalon.core.logging.XmlKeywordLogger</class>
  <method>logMessage</method>
  <thread>1</thread>
  <message>browser = Chrome 147.0.7727.138</message>
  <nestedLevel>1</nestedLevel>
  <escapedJava>false</escapedJava>
  <property name="browser">Chrome 147.0.7727.138</property>
</record>
<record>
  <date>2026-05-13T09:24:37.942714300Z</date>
  <millis>1778664277942</millis>
  <nanos>714300</nanos>
  <sequence>17</sequence>
  <level>RUN_DATA</level>
  <class>com.kms.katalon.core.logging.XmlKeywordLogger</class>
  <method>logMessage</method>
  <thread>1</thread>
  <message>platform = Windows 10</message>
  <nestedLevel>1</nestedLevel>
  <escapedJava>false</escapedJava>
  <property name="platform">Windows 10</property>
</record>
<record>
  <date>2026-05-13T09:24:37.943720500Z</date>
  <millis>1778664277943</millis>
  <nanos>720500</nanos>
  <sequence>18</sequence>
  <level>RUN_DATA</level>
  <class>com.kms.katalon.core.logging.XmlKeywordLogger</class>
  <method>logMessage</method>
  <thread>1</thread>
  <message>seleniumVersion = 4.28.1</message>
  <nestedLevel>1</nestedLevel>
  <escapedJava>false</escapedJava>
  <property name="seleniumVersion">4.28.1</property>
</record>
<record>
  <date>2026-05-13T09:24:37.958703900Z</date>
  <millis>1778664277958</millis>
  <nanos>703900</nanos>
  <sequence>19</sequence>
  <level>RUN_DATA</level>
  <class>com.kms.katalon.core.logging.XmlKeywordLogger</class>
  <method>logMessage</method>
  <thread>1</thread>
  <message>proxyInformation = ProxyInformation { proxyOption=NO_PROXY, proxyServerType=HTTP, username=, password=********, proxyServerAddress=, proxyServerPort=0, executionList=&amp;quot;&amp;quot;, isApplyToDesiredCapabilities=true }</message>
  <nestedLevel>1</nestedLevel>
  <escapedJava>false</escapedJava>
  <property name="proxyInformation">ProxyInformation { proxyOption=NO_PROXY, proxyServerType=HTTP, username=, password=********, proxyServerAddress=, proxyServerPort=0, executionList=&quot;&quot;, isApplyToDesiredCapabilities=true }</property>
</record>
<record>
  <date>2026-05-13T09:24:39.489359500Z</date>
  <millis>1778664279489</millis>
  <nanos>359500</nanos>
  <sequence>21</sequence>
  <level>PASSED</level>
  <class>com.kms.katalon.core.logging.XmlKeywordLogger</class>
  <method>logMessage</method>
  <thread>1</thread>
  <message>Browser is opened with url: &amp;apos;https://parabank.parasoft.com&amp;apos;</message>
  <nestedLevel>1</nestedLevel>
  <escapedJava>false</escapedJava>
  <property name="testops-method-name">com.kms.katalon.core.webui.keyword.builtin.OpenBrowserKeyword.openBrowser</property>
  <property name="testops-execution-stacktrace"></property>
</record>
<record>
  <date>2026-05-13T09:24:39.496108100Z</date>
  <millis>1778664279496</millis>
  <nanos>108100</nanos>
  <sequence>22</sequence>
  <level>END</level>
  <class>com.kms.katalon.core.logging.XmlKeywordLogger</class>
  <method>endKeyword</method>
  <thread>1</thread>
  <message>End action : openBrowser(&amp;quot;https://parabank.parasoft.com&amp;quot;)</message>
  <nestedLevel>1</nestedLevel>
  <escapedJava>false</escapedJava>
</record>
<record>
  <date>2026-05-13T09:24:39.496108100Z</date>
  <millis>1778664279496</millis>
  <nanos>108100</nanos>
  <sequence>23</sequence>
  <level>START</level>
  <class>com.kms.katalon.core.logging.XmlKeywordLogger</class>
  <method>startKeyword</method>
  <thread>1</thread>
  <message>Start action : click(findTestObject(&amp;quot;Web/Register/link_register&amp;quot;))</message>
  <nestedLevel>1</nestedLevel>
  <escapedJava>false</escapedJava>
  <property name="startLine">21</property>
  <property name="stepIndex">2</property>
</record>
<record>
  <date>2026-05-13T09:24:40.358679700Z</date>
  <millis>1778664280358</millis>
  <nanos>679700</nanos>
  <sequence>33</sequence>
  <level>PASSED</level>
  <class>com.kms.katalon.core.logging.XmlKeywordLogger</class>
  <method>logMessage</method>
  <thread>1</thread>
  <message>Object: &amp;apos;Object Repository/Web/Register/link_register&amp;apos; is clicked on</message>
  <nestedLevel>1</nestedLevel>
  <escapedJava>false</escapedJava>
  <property name="testops-method-name">com.kms.katalon.core.webui.keyword.builtin.ClickKeyword.click</property>
  <property name="testops-execution-stacktrace"></property>
</record>
<record>
  <date>2026-05-13T09:24:40.367902200Z</date>
  <millis>1778664280367</millis>
  <nanos>902200</nanos>
  <sequence>34</sequence>
  <level>END</level>
  <class>com.kms.katalon.core.logging.XmlKeywordLogger</class>
  <method>endKeyword</method>
  <thread>1</thread>
  <message>End action : click(findTestObject(&amp;quot;Web/Register/link_register&amp;quot;))</message>
  <nestedLevel>1</nestedLevel>
  <escapedJava>false</escapedJava>
</record>
<record>
  <date>2026-05-13T09:24:40.370418800Z</date>
  <millis>1778664280370</millis>
  <nanos>418800</nanos>
  <sequence>35</sequence>
  <level>START</level>
  <class>com.kms.katalon.core.logging.XmlKeywordLogger</class>
  <method>startKeyword</method>
  <thread>1</thread>
  <message>Start action : setText(findTestObject(&amp;quot;Web/Register/txt_firstname&amp;quot;), &amp;quot;haryadi&amp;quot;)</message>
  <nestedLevel>1</nestedLevel>
  <escapedJava>false</escapedJava>
  <property name="startLine">23</property>
  <property name="stepIndex">3</property>
</record>
<record>
  <date>2026-05-13T09:24:41.191296900Z</date>
  <millis>1778664281191</millis>
  <nanos>296900</nanos>
  <sequence>51</sequence>
  <level>PASSED</level>
  <class>com.kms.katalon.core.logging.XmlKeywordLogger</class>
  <method>logMessage</method>
  <thread>1</thread>
  <message>Text &amp;apos;haryadi&amp;apos; is set on object &amp;apos;Object Repository/Web/Register/txt_firstname&amp;apos;</message>
  <nestedLevel>1</nestedLevel>
  <escapedJava>false</escapedJava>
  <property name="testops-method-name">com.kms.katalon.core.webui.keyword.builtin.SetTextKeyword.setText</property>
  <property name="testops-execution-stacktrace"></property>
</record>
<record>
  <date>2026-05-13T09:24:41.194285500Z</date>
  <millis>1778664281194</millis>
  <nanos>285500</nanos>
  <sequence>52</sequence>
  <level>END</level>
  <class>com.kms.katalon.core.logging.XmlKeywordLogger</class>
  <method>endKeyword</method>
  <thread>1</thread>
  <message>End action : setText(findTestObject(&amp;quot;Web/Register/txt_firstname&amp;quot;), &amp;quot;haryadi&amp;quot;)</message>
  <nestedLevel>1</nestedLevel>
  <escapedJava>false</escapedJava>
</record>
<record>
  <date>2026-05-13T09:24:41.194285500Z</date>
  <millis>1778664281194</millis>
  <nanos>285500</nanos>
  <sequence>53</sequence>
  <level>START</level>
  <class>com.kms.katalon.core.logging.XmlKeywordLogger</class>
  <method>startKeyword</method>
  <thread>1</thread>
  <message>Start action : setText(findTestObject(&amp;quot;Web/Register/txt_lastname&amp;quot;), &amp;quot;haryanto&amp;quot;)</message>
  <nestedLevel>1</nestedLevel>
  <escapedJava>false</escapedJava>
  <property name="startLine">24</property>
  <property name="stepIndex">4</property>
</record>
<record>
  <date>2026-05-13T09:24:41.844192900Z</date>
  <millis>1778664281844</millis>
  <nanos>192900</nanos>
  <sequence>69</sequence>
  <level>PASSED</level>
  <class>com.kms.katalon.core.logging.XmlKeywordLogger</class>
  <method>logMessage</method>
  <thread>1</thread>
  <message>Text &amp;apos;haryanto&amp;apos; is set on object &amp;apos;Object Repository/Web/Register/txt_lastname&amp;apos;</message>
  <nestedLevel>1</nestedLevel>
  <escapedJava>false</escapedJava>
  <property name="testops-method-name">com.kms.katalon.core.webui.keyword.builtin.SetTextKeyword.setText</property>
  <property name="testops-execution-stacktrace"></property>
</record>
<record>
  <date>2026-05-13T09:24:41.847186700Z</date>
  <millis>1778664281847</millis>
  <nanos>186700</nanos>
  <sequence>70</sequence>
  <level>END</level>
  <class>com.kms.katalon.core.logging.XmlKeywordLogger</class>
  <method>endKeyword</method>
  <thread>1</thread>
  <message>End action : setText(findTestObject(&amp;quot;Web/Register/txt_lastname&amp;quot;), &amp;quot;haryanto&amp;quot;)</message>
  <nestedLevel>1</nestedLevel>
  <escapedJava>false</escapedJava>
</record>
<record>
  <date>2026-05-13T09:24:41.848192900Z</date>
  <millis>1778664281848</millis>
  <nanos>192900</nanos>
  <sequence>71</sequence>
  <level>START</level>
  <class>com.kms.katalon.core.logging.XmlKeywordLogger</class>
  <method>startKeyword</method>
  <thread>1</thread>
  <message>Start action : setText(findTestObject(&amp;quot;Web/Register/txt_address&amp;quot;), &amp;quot;terin 1&amp;quot;)</message>
  <nestedLevel>1</nestedLevel>
  <escapedJava>false</escapedJava>
  <property name="startLine">25</property>
  <property name="stepIndex">5</property>
</record>
<record>
  <date>2026-05-13T09:24:42.492303500Z</date>
  <millis>1778664282492</millis>
  <nanos>303500</nanos>
  <sequence>87</sequence>
  <level>PASSED</level>
  <class>com.kms.katalon.core.logging.XmlKeywordLogger</class>
  <method>logMessage</method>
  <thread>1</thread>
  <message>Text &amp;apos;terin 1&amp;apos; is set on object &amp;apos;Object Repository/Web/Register/txt_address&amp;apos;</message>
  <nestedLevel>1</nestedLevel>
  <escapedJava>false</escapedJava>
  <property name="testops-method-name">com.kms.katalon.core.webui.keyword.builtin.SetTextKeyword.setText</property>
  <property name="testops-execution-stacktrace"></property>
</record>
<record>
  <date>2026-05-13T09:24:42.495272900Z</date>
  <millis>1778664282495</millis>
  <nanos>272900</nanos>
  <sequence>88</sequence>
  <level>END</level>
  <class>com.kms.katalon.core.logging.XmlKeywordLogger</class>
  <method>endKeyword</method>
  <thread>1</thread>
  <message>End action : setText(findTestObject(&amp;quot;Web/Register/txt_address&amp;quot;), &amp;quot;terin 1&amp;quot;)</message>
  <nestedLevel>1</nestedLevel>
  <escapedJava>false</escapedJava>
</record>
<record>
  <date>2026-05-13T09:24:42.496266500Z</date>
  <millis>1778664282496</millis>
  <nanos>266500</nanos>
  <sequence>89</sequence>
  <level>START</level>
  <class>com.kms.katalon.core.logging.XmlKeywordLogger</class>
  <method>startKeyword</method>
  <thread>1</thread>
  <message>Start action : setText(findTestObject(&amp;quot;Web/Register/txt_city&amp;quot;), &amp;quot;Depok&amp;quot;)</message>
  <nestedLevel>1</nestedLevel>
  <escapedJava>false</escapedJava>
  <property name="startLine">26</property>
  <property name="stepIndex">6</property>
</record>
<record>
  <date>2026-05-13T09:24:43.144527100Z</date>
  <millis>1778664283144</millis>
  <nanos>527100</nanos>
  <sequence>105</sequence>
  <level>PASSED</level>
  <class>com.kms.katalon.core.logging.XmlKeywordLogger</class>
  <method>logMessage</method>
  <thread>1</thread>
  <message>Text &amp;apos;Depok&amp;apos; is set on object &amp;apos;Object Repository/Web/Register/txt_city&amp;apos;</message>
  <nestedLevel>1</nestedLevel>
  <escapedJava>false</escapedJava>
  <property name="testops-method-name">com.kms.katalon.core.webui.keyword.builtin.SetTextKeyword.setText</property>
  <property name="testops-execution-stacktrace"></property>
</record>
<record>
  <date>2026-05-13T09:24:43.146562200Z</date>
  <millis>1778664283146</millis>
  <nanos>562200</nanos>
  <sequence>106</sequence>
  <level>END</level>
  <class>com.kms.katalon.core.logging.XmlKeywordLogger</class>
  <method>endKeyword</method>
  <thread>1</thread>
  <message>End action : setText(findTestObject(&amp;quot;Web/Register/txt_city&amp;quot;), &amp;quot;Depok&amp;quot;)</message>
  <nestedLevel>1</nestedLevel>
  <escapedJava>false</escapedJava>
</record>
<record>
  <date>2026-05-13T09:24:43.147519200Z</date>
  <millis>1778664283147</millis>
  <nanos>519200</nanos>
  <sequence>107</sequence>
  <level>START</level>
  <class>com.kms.katalon.core.logging.XmlKeywordLogger</class>
  <method>startKeyword</method>
  <thread>1</thread>
  <message>Start action : setText(findTestObject(&amp;quot;Web/Register/txt_state&amp;quot;), &amp;quot;ina&amp;quot;)</message>
  <nestedLevel>1</nestedLevel>
  <escapedJava>false</escapedJava>
  <property name="startLine">27</property>
  <property name="stepIndex">7</property>
</record>
<record>
  <date>2026-05-13T09:24:43.797780900Z</date>
  <millis>1778664283797</millis>
  <nanos>780900</nanos>
  <sequence>123</sequence>
  <level>PASSED</level>
  <class>com.kms.katalon.core.logging.XmlKeywordLogger</class>
  <method>logMessage</method>
  <thread>1</thread>
  <message>Text &amp;apos;ina&amp;apos; is set on object &amp;apos;Object Repository/Web/Register/txt_state&amp;apos;</message>
  <nestedLevel>1</nestedLevel>
  <escapedJava>false</escapedJava>
  <property name="testops-method-name">com.kms.katalon.core.webui.keyword.builtin.SetTextKeyword.setText</property>
  <property name="testops-execution-stacktrace"></property>
</record>
<record>
  <date>2026-05-13T09:24:43.799776400Z</date>
  <millis>1778664283799</millis>
  <nanos>776400</nanos>
  <sequence>124</sequence>
  <level>END</level>
  <class>com.kms.katalon.core.logging.XmlKeywordLogger</class>
  <method>endKeyword</method>
  <thread>1</thread>
  <message>End action : setText(findTestObject(&amp;quot;Web/Register/txt_state&amp;quot;), &amp;quot;ina&amp;quot;)</message>
  <nestedLevel>1</nestedLevel>
  <escapedJava>false</escapedJava>
</record>
<record>
  <date>2026-05-13T09:24:43.800769600Z</date>
  <millis>1778664283800</millis>
  <nanos>769600</nanos>
  <sequence>125</sequence>
  <level>START</level>
  <class>com.kms.katalon.core.logging.XmlKeywordLogger</class>
  <method>startKeyword</method>
  <thread>1</thread>
  <message>Start action : setText(findTestObject(&amp;quot;Web/Register/txt_zipcode&amp;quot;), &amp;quot;11450&amp;quot;)</message>
  <nestedLevel>1</nestedLevel>
  <escapedJava>false</escapedJava>
  <property name="startLine">28</property>
  <property name="stepIndex">8</property>
</record>
<record>
  <date>2026-05-13T09:24:44.486174700Z</date>
  <millis>1778664284486</millis>
  <nanos>174700</nanos>
  <sequence>141</sequence>
  <level>PASSED</level>
  <class>com.kms.katalon.core.logging.XmlKeywordLogger</class>
  <method>logMessage</method>
  <thread>1</thread>
  <message>Text &amp;apos;11450&amp;apos; is set on object &amp;apos;Object Repository/Web/Register/txt_zipcode&amp;apos;</message>
  <nestedLevel>1</nestedLevel>
  <escapedJava>false</escapedJava>
  <property name="testops-method-name">com.kms.katalon.core.webui.keyword.builtin.SetTextKeyword.setText</property>
  <property name="testops-execution-stacktrace"></property>
</record>
<record>
  <date>2026-05-13T09:24:44.490632900Z</date>
  <millis>1778664284490</millis>
  <nanos>632900</nanos>
  <sequence>142</sequence>
  <level>END</level>
  <class>com.kms.katalon.core.logging.XmlKeywordLogger</class>
  <method>endKeyword</method>
  <thread>1</thread>
  <message>End action : setText(findTestObject(&amp;quot;Web/Register/txt_zipcode&amp;quot;), &amp;quot;11450&amp;quot;)</message>
  <nestedLevel>1</nestedLevel>
  <escapedJava>false</escapedJava>
</record>
<record>
  <date>2026-05-13T09:24:44.490632900Z</date>
  <millis>1778664284490</millis>
  <nanos>632900</nanos>
  <sequence>143</sequence>
  <level>START</level>
  <class>com.kms.katalon.core.logging.XmlKeywordLogger</class>
  <method>startKeyword</method>
  <thread>1</thread>
  <message>Start action : setText(findTestObject(&amp;quot;Web/Register/txt_phonenumber&amp;quot;), &amp;quot;628527323222&amp;quot;)</message>
  <nestedLevel>1</nestedLevel>
  <escapedJava>false</escapedJava>
  <property name="startLine">29</property>
  <property name="stepIndex">9</property>
</record>
<record>
  <date>2026-05-13T09:24:45.145941600Z</date>
  <millis>1778664285145</millis>
  <nanos>941600</nanos>
  <sequence>159</sequence>
  <level>PASSED</level>
  <class>com.kms.katalon.core.logging.XmlKeywordLogger</class>
  <method>logMessage</method>
  <thread>1</thread>
  <message>Text &amp;apos;628527323222&amp;apos; is set on object &amp;apos;Object Repository/Web/Register/txt_phonenumber&amp;apos;</message>
  <nestedLevel>1</nestedLevel>
  <escapedJava>false</escapedJava>
  <property name="testops-method-name">com.kms.katalon.core.webui.keyword.builtin.SetTextKeyword.setText</property>
  <property name="testops-execution-stacktrace"></property>
</record>
<record>
  <date>2026-05-13T09:24:45.148932700Z</date>
  <millis>1778664285148</millis>
  <nanos>932700</nanos>
  <sequence>160</sequence>
  <level>END</level>
  <class>com.kms.katalon.core.logging.XmlKeywordLogger</class>
  <method>endKeyword</method>
  <thread>1</thread>
  <message>End action : setText(findTestObject(&amp;quot;Web/Register/txt_phonenumber&amp;quot;), &amp;quot;628527323222&amp;quot;)</message>
  <nestedLevel>1</nestedLevel>
  <escapedJava>false</escapedJava>
</record>
<record>
  <date>2026-05-13T09:24:45.149927800Z</date>
  <millis>1778664285149</millis>
  <nanos>927800</nanos>
  <sequence>161</sequence>
  <level>START</level>
  <class>com.kms.katalon.core.logging.XmlKeywordLogger</class>
  <method>startKeyword</method>
  <thread>1</thread>
  <message>Start action : setText(findTestObject(&amp;quot;Web/Register/txt_ssn&amp;quot;), &amp;quot;12321311&amp;quot;)</message>
  <nestedLevel>1</nestedLevel>
  <escapedJava>false</escapedJava>
  <property name="startLine">30</property>
  <property name="stepIndex">10</property>
</record>
<record>
  <date>2026-05-13T09:24:45.802480200Z</date>
  <millis>1778664285802</millis>
  <nanos>480200</nanos>
  <sequence>177</sequence>
  <level>PASSED</level>
  <class>com.kms.katalon.core.logging.XmlKeywordLogger</class>
  <method>logMessage</method>
  <thread>1</thread>
  <message>Text &amp;apos;12321311&amp;apos; is set on object &amp;apos;Object Repository/Web/Register/txt_ssn&amp;apos;</message>
  <nestedLevel>1</nestedLevel>
  <escapedJava>false</escapedJava>
  <property name="testops-method-name">com.kms.katalon.core.webui.keyword.builtin.SetTextKeyword.setText</property>
  <property name="testops-execution-stacktrace"></property>
</record>
<record>
  <date>2026-05-13T09:24:45.805478800Z</date>
  <millis>1778664285805</millis>
  <nanos>478800</nanos>
  <sequence>178</sequence>
  <level>END</level>
  <class>com.kms.katalon.core.logging.XmlKeywordLogger</class>
  <method>endKeyword</method>
  <thread>1</thread>
  <message>End action : setText(findTestObject(&amp;quot;Web/Register/txt_ssn&amp;quot;), &amp;quot;12321311&amp;quot;)</message>
  <nestedLevel>1</nestedLevel>
  <escapedJava>false</escapedJava>
</record>
<record>
  <date>2026-05-13T09:24:45.806475400Z</date>
  <millis>1778664285806</millis>
  <nanos>475400</nanos>
  <sequence>179</sequence>
  <level>START</level>
  <class>com.kms.katalon.core.logging.XmlKeywordLogger</class>
  <method>startKeyword</method>
  <thread>1</thread>
  <message>Start action : setText(findTestObject(&amp;quot;Web/Register/txt_username&amp;quot;), &amp;quot;Haryadi01&amp;quot;)</message>
  <nestedLevel>1</nestedLevel>
  <escapedJava>false</escapedJava>
  <property name="startLine">32</property>
  <property name="stepIndex">11</property>
</record>
<record>
  <date>2026-05-13T09:24:46.494900500Z</date>
  <millis>1778664286494</millis>
  <nanos>900500</nanos>
  <sequence>195</sequence>
  <level>PASSED</level>
  <class>com.kms.katalon.core.logging.XmlKeywordLogger</class>
  <method>logMessage</method>
  <thread>1</thread>
  <message>Text &amp;apos;Haryadi01&amp;apos; is set on object &amp;apos;Object Repository/Web/Register/txt_username&amp;apos;</message>
  <nestedLevel>1</nestedLevel>
  <escapedJava>false</escapedJava>
  <property name="testops-method-name">com.kms.katalon.core.webui.keyword.builtin.SetTextKeyword.setText</property>
  <property name="testops-execution-stacktrace"></property>
</record>
<record>
  <date>2026-05-13T09:24:46.498886900Z</date>
  <millis>1778664286498</millis>
  <nanos>886900</nanos>
  <sequence>196</sequence>
  <level>END</level>
  <class>com.kms.katalon.core.logging.XmlKeywordLogger</class>
  <method>endKeyword</method>
  <thread>1</thread>
  <message>End action : setText(findTestObject(&amp;quot;Web/Register/txt_username&amp;quot;), &amp;quot;Haryadi01&amp;quot;)</message>
  <nestedLevel>1</nestedLevel>
  <escapedJava>false</escapedJava>
</record>
<record>
  <date>2026-05-13T09:24:46.499885100Z</date>
  <millis>1778664286499</millis>
  <nanos>885100</nanos>
  <sequence>197</sequence>
  <level>START</level>
  <class>com.kms.katalon.core.logging.XmlKeywordLogger</class>
  <method>startKeyword</method>
  <thread>1</thread>
  <message>Start action : setText(findTestObject(&amp;quot;Web/Register/txt_password&amp;quot;), &amp;quot;qwerty123&amp;quot;)</message>
  <nestedLevel>1</nestedLevel>
  <escapedJava>false</escapedJava>
  <property name="startLine">33</property>
  <property name="stepIndex">12</property>
</record>
<record>
  <date>2026-05-13T09:24:47.148037Z</date>
  <millis>1778664287148</millis>
  <nanos>37000</nanos>
  <sequence>213</sequence>
  <level>PASSED</level>
  <class>com.kms.katalon.core.logging.XmlKeywordLogger</class>
  <method>logMessage</method>
  <thread>1</thread>
  <message>Text &amp;apos;qwerty123&amp;apos; is set on object &amp;apos;Object Repository/Web/Register/txt_password&amp;apos;</message>
  <nestedLevel>1</nestedLevel>
  <escapedJava>false</escapedJava>
  <property name="testops-method-name">com.kms.katalon.core.webui.keyword.builtin.SetTextKeyword.setText</property>
  <property name="testops-execution-stacktrace"></property>
</record>
<record>
  <date>2026-05-13T09:24:47.150388400Z</date>
  <millis>1778664287150</millis>
  <nanos>388400</nanos>
  <sequence>214</sequence>
  <level>END</level>
  <class>com.kms.katalon.core.logging.XmlKeywordLogger</class>
  <method>endKeyword</method>
  <thread>1</thread>
  <message>End action : setText(findTestObject(&amp;quot;Web/Register/txt_password&amp;quot;), &amp;quot;qwerty123&amp;quot;)</message>
  <nestedLevel>1</nestedLevel>
  <escapedJava>false</escapedJava>
</record>
<record>
  <date>2026-05-13T09:24:47.151928300Z</date>
  <millis>1778664287151</millis>
  <nanos>928300</nanos>
  <sequence>215</sequence>
  <level>START</level>
  <class>com.kms.katalon.core.logging.XmlKeywordLogger</class>
  <method>startKeyword</method>
  <thread>1</thread>
  <message>Start action : setText(findTestObject(&amp;quot;Web/Register/txt_confirmpassword&amp;quot;), &amp;quot;qwerty123&amp;quot;)</message>
  <nestedLevel>1</nestedLevel>
  <escapedJava>false</escapedJava>
  <property name="startLine">34</property>
  <property name="stepIndex">13</property>
</record>
<record>
  <date>2026-05-13T09:24:47.773255800Z</date>
  <millis>1778664287773</millis>
  <nanos>255800</nanos>
  <sequence>231</sequence>
  <level>PASSED</level>
  <class>com.kms.katalon.core.logging.XmlKeywordLogger</class>
  <method>logMessage</method>
  <thread>1</thread>
  <message>Text &amp;apos;qwerty123&amp;apos; is set on object &amp;apos;Object Repository/Web/Register/txt_confirmpassword&amp;apos;</message>
  <nestedLevel>1</nestedLevel>
  <escapedJava>false</escapedJava>
  <property name="testops-method-name">com.kms.katalon.core.webui.keyword.builtin.SetTextKeyword.setText</property>
  <property name="testops-execution-stacktrace"></property>
</record>
<record>
  <date>2026-05-13T09:24:47.776246300Z</date>
  <millis>1778664287776</millis>
  <nanos>246300</nanos>
  <sequence>232</sequence>
  <level>END</level>
  <class>com.kms.katalon.core.logging.XmlKeywordLogger</class>
  <method>endKeyword</method>
  <thread>1</thread>
  <message>End action : setText(findTestObject(&amp;quot;Web/Register/txt_confirmpassword&amp;quot;), &amp;quot;qwerty123&amp;quot;)</message>
  <nestedLevel>1</nestedLevel>
  <escapedJava>false</escapedJava>
</record>
<record>
  <date>2026-05-13T09:24:47.777242300Z</date>
  <millis>1778664287777</millis>
  <nanos>242300</nanos>
  <sequence>233</sequence>
  <level>START</level>
  <class>com.kms.katalon.core.logging.XmlKeywordLogger</class>
  <method>startKeyword</method>
  <thread>1</thread>
  <message>Start action : click(findTestObject(&amp;quot;Web/Register/btn_register&amp;quot;))</message>
  <nestedLevel>1</nestedLevel>
  <escapedJava>false</escapedJava>
  <property name="startLine">37</property>
  <property name="stepIndex">14</property>
</record>
<record>
  <date>2026-05-13T09:24:48.472140100Z</date>
  <millis>1778664288472</millis>
  <nanos>140100</nanos>
  <sequence>243</sequence>
  <level>PASSED</level>
  <class>com.kms.katalon.core.logging.XmlKeywordLogger</class>
  <method>logMessage</method>
  <thread>1</thread>
  <message>Object: &amp;apos;Object Repository/Web/Register/btn_register&amp;apos; is clicked on</message>
  <nestedLevel>1</nestedLevel>
  <escapedJava>false</escapedJava>
  <property name="testops-method-name">com.kms.katalon.core.webui.keyword.builtin.ClickKeyword.click</property>
  <property name="testops-execution-stacktrace"></property>
</record>
<record>
  <date>2026-05-13T09:24:48.477976200Z</date>
  <millis>1778664288477</millis>
  <nanos>976200</nanos>
  <sequence>244</sequence>
  <level>END</level>
  <class>com.kms.katalon.core.logging.XmlKeywordLogger</class>
  <method>endKeyword</method>
  <thread>1</thread>
  <message>End action : click(findTestObject(&amp;quot;Web/Register/btn_register&amp;quot;))</message>
  <nestedLevel>1</nestedLevel>
  <escapedJava>false</escapedJava>
</record>
<record>
  <date>2026-05-13T09:24:48.479846400Z</date>
  <millis>1778664288479</millis>
  <nanos>846400</nanos>
  <sequence>245</sequence>
  <level>START</level>
  <class>com.kms.katalon.core.logging.XmlKeywordLogger</class>
  <method>startKeyword</method>
  <thread>1</thread>
  <message>Start action : waitForElementPresent(findTestObject(&amp;quot;Web/Register/lbl_registerberhasil&amp;quot;), 5)</message>
  <nestedLevel>1</nestedLevel>
  <escapedJava>false</escapedJava>
  <property name="startLine">39</property>
  <property name="stepIndex">15</property>
</record>
<record>
  <date>2026-05-13T09:24:49.014420900Z</date>
  <millis>1778664289014</millis>
  <nanos>420900</nanos>
  <sequence>253</sequence>
  <level>PASSED</level>
  <class>com.kms.katalon.core.logging.XmlKeywordLogger</class>
  <method>logMessage</method>
  <thread>1</thread>
  <message>Object &amp;apos;Object Repository/Web/Register/lbl_registerberhasil&amp;apos; is present</message>
  <nestedLevel>1</nestedLevel>
  <escapedJava>false</escapedJava>
  <property name="testops-method-name">com.kms.katalon.core.webui.keyword.builtin.WaitForElementPresentKeyword.waitForElementPresent</property>
  <property name="testops-execution-stacktrace"></property>
</record>
<record>
  <date>2026-05-13T09:24:49.018273900Z</date>
  <millis>1778664289018</millis>
  <nanos>273900</nanos>
  <sequence>254</sequence>
  <level>END</level>
  <class>com.kms.katalon.core.logging.XmlKeywordLogger</class>
  <method>endKeyword</method>
  <thread>1</thread>
  <message>End action : waitForElementPresent(findTestObject(&amp;quot;Web/Register/lbl_registerberhasil&amp;quot;), 5)</message>
  <nestedLevel>1</nestedLevel>
  <escapedJava>false</escapedJava>
</record>
<record>
  <date>2026-05-13T09:24:49.019765400Z</date>
  <millis>1778664289019</millis>
  <nanos>765400</nanos>
  <sequence>255</sequence>
  <level>START</level>
  <class>com.kms.katalon.core.logging.XmlKeywordLogger</class>
  <method>startKeyword</method>
  <thread>1</thread>
  <message>Start action : verifyElementVisible(findTestObject(&amp;quot;Web/Register/lbl_registerberhasil&amp;quot;))</message>
  <nestedLevel>1</nestedLevel>
  <escapedJava>false</escapedJava>
  <property name="startLine">40</property>
  <property name="stepIndex">16</property>
</record>
<record>
  <date>2026-05-13T09:24:49.346228500Z</date>
  <millis>1778664289346</millis>
  <nanos>228500</nanos>
  <sequence>263</sequence>
  <level>PASSED</level>
  <class>com.kms.katalon.core.logging.XmlKeywordLogger</class>
  <method>logMessage</method>
  <thread>1</thread>
  <message>Object &amp;apos;Object Repository/Web/Register/lbl_registerberhasil&amp;apos; is visible</message>
  <nestedLevel>1</nestedLevel>
  <escapedJava>false</escapedJava>
  <property name="testops-is-assertion">true</property>
  <property name="testops-method-name">com.kms.katalon.core.webui.keyword.builtin.VerifyElementVisibleKeyword.verifyElementVisible</property>
  <property name="testops-execution-stacktrace"></property>
</record>
<record>
  <date>2026-05-13T09:24:49.349696500Z</date>
  <millis>1778664289349</millis>
  <nanos>696500</nanos>
  <sequence>264</sequence>
  <level>END</level>
  <class>com.kms.katalon.core.logging.XmlKeywordLogger</class>
  <method>endKeyword</method>
  <thread>1</thread>
  <message>End action : verifyElementVisible(findTestObject(&amp;quot;Web/Register/lbl_registerberhasil&amp;quot;))</message>
  <nestedLevel>1</nestedLevel>
  <escapedJava>false</escapedJava>
</record>
<record>
  <date>2026-05-13T09:24:49.351896100Z</date>
  <millis>1778664289351</millis>
  <nanos>896100</nanos>
  <sequence>265</sequence>
  <level>START</level>
  <class>com.kms.katalon.core.logging.XmlKeywordLogger</class>
  <method>startKeyword</method>
  <thread>1</thread>
  <message>Start action : value = getText(findTestObject(&amp;quot;Web/Register/lbl_registerberhasil&amp;quot;))</message>
  <nestedLevel>1</nestedLevel>
  <escapedJava>false</escapedJava>
  <property name="startLine">42</property>
  <property name="stepIndex">17</property>
</record>
<record>
  <date>2026-05-13T09:24:49.656649Z</date>
  <millis>1778664289656</millis>
  <nanos>649000</nanos>
  <sequence>274</sequence>
  <level>PASSED</level>
  <class>com.kms.katalon.core.logging.XmlKeywordLogger</class>
  <method>logMessage</method>
  <thread>1</thread>
  <message>Text of object &amp;apos;Object Repository/Web/Register/lbl_registerberhasil&amp;apos; is: &amp;apos;Welcome Haryadi01&amp;apos;</message>
  <nestedLevel>1</nestedLevel>
  <escapedJava>false</escapedJava>
  <property name="testops-method-name">com.kms.katalon.core.webui.keyword.builtin.GetTextKeyword.getText</property>
  <property name="testops-execution-stacktrace"></property>
</record>
<record>
  <date>2026-05-13T09:24:49.660694400Z</date>
  <millis>1778664289660</millis>
  <nanos>694400</nanos>
  <sequence>275</sequence>
  <level>END</level>
  <class>com.kms.katalon.core.logging.XmlKeywordLogger</class>
  <method>endKeyword</method>
  <thread>1</thread>
  <message>End action : value = getText(findTestObject(&amp;quot;Web/Register/lbl_registerberhasil&amp;quot;))</message>
  <nestedLevel>1</nestedLevel>
  <escapedJava>false</escapedJava>
</record>
<record>
  <date>2026-05-13T09:24:49.662740800Z</date>
  <millis>1778664289662</millis>
  <nanos>740800</nanos>
  <sequence>276</sequence>
  <level>START</level>
  <class>com.kms.katalon.core.logging.XmlKeywordLogger</class>
  <method>startKeyword</method>
  <thread>1</thread>
  <message>Start action : assert value.contains(&amp;quot;Welcome&amp;quot;) : &amp;quot;Seharusnya kehalaman Pendaftaran berhasil!&amp;quot;</message>
  <nestedLevel>1</nestedLevel>
  <escapedJava>false</escapedJava>
  <property name="startLine">43</property>
  <property name="stepIndex">18</property>
</record>
<record>
  <date>2026-05-13T09:24:49.699233500Z</date>
  <millis>1778664289699</millis>
  <nanos>233500</nanos>
  <sequence>277</sequence>
  <level>END</level>
  <class>com.kms.katalon.core.logging.XmlKeywordLogger</class>
  <method>endKeyword</method>
  <thread>1</thread>
  <message>End action : assert value.contains(&amp;quot;Welcome&amp;quot;) : &amp;quot;Seharusnya kehalaman Pendaftaran berhasil!&amp;quot;</message>
  <nestedLevel>1</nestedLevel>
  <escapedJava>false</escapedJava>
</record>
<record>
  <date>2026-05-13T09:24:49.700359400Z</date>
  <millis>1778664289700</millis>
  <nanos>359400</nanos>
  <sequence>278</sequence>
  <level>START</level>
  <class>com.kms.katalon.core.logging.XmlKeywordLogger</class>
  <method>startKeyword</method>
  <thread>1</thread>
  <message>Start action : takeScreenshot(screenshotPath + &amp;quot;TC-03-Register Valid.png&amp;quot;)</message>
  <nestedLevel>1</nestedLevel>
  <escapedJava>false</escapedJava>
  <property name="startLine">45</property>
  <property name="stepIndex">19</property>
</record>
<record>
  <date>2026-05-13T09:24:50.334462400Z</date>
  <millis>1778664290334</millis>
  <nanos>462400</nanos>
  <sequence>280</sequence>
  <level>PASSED</level>
  <class>com.kms.katalon.core.logging.XmlKeywordLogger</class>
  <method>logMessage</method>
  <thread>1</thread>
  <message>Taking screenshot successfully</message>
  <nestedLevel>1</nestedLevel>
  <escapedJava>false</escapedJava>
  <property name="attachment">C:\Users\AVOWS\git\Katalon-Testing-web-automation\screenshot\TC-03-Register Valid.png</property>
  <property name="testops-method-name">com.kms.katalon.core.webui.keyword.builtin.TakeScreenshotKeyword.takeScreenshot</property>
  <property name="testops-execution-stacktrace"></property>
</record>
<record>
  <date>2026-05-13T09:24:50.337958300Z</date>
  <millis>1778664290337</millis>
  <nanos>958300</nanos>
  <sequence>281</sequence>
  <level>END</level>
  <class>com.kms.katalon.core.logging.XmlKeywordLogger</class>
  <method>endKeyword</method>
  <thread>1</thread>
  <message>End action : takeScreenshot(screenshotPath + &amp;quot;TC-03-Register Valid.png&amp;quot;)</message>
  <nestedLevel>1</nestedLevel>
  <escapedJava>false</escapedJava>
</record>
<record>
  <date>2026-05-13T09:24:50.338559Z</date>
  <millis>1778664290338</millis>
  <nanos>559000</nanos>
  <sequence>282</sequence>
  <level>START</level>
  <class>com.kms.katalon.core.logging.XmlKeywordLogger</class>
  <method>startKeyword</method>
  <thread>1</thread>
  <message>Start action : closeBrowser()</message>
  <nestedLevel>1</nestedLevel>
  <escapedJava>false</escapedJava>
  <property name="startLine">47</property>
  <property name="stepIndex">20</property>
</record>
<record>
  <date>2026-05-13T09:24:50.871930500Z</date>
  <millis>1778664290871</millis>
  <nanos>930500</nanos>
  <sequence>284</sequence>
  <level>PASSED</level>
  <class>com.kms.katalon.core.logging.XmlKeywordLogger</class>
  <method>logMessage</method>
  <thread>1</thread>
  <message>Browser is closed</message>
  <nestedLevel>1</nestedLevel>
  <escapedJava>false</escapedJava>
  <property name="testops-method-name">com.kms.katalon.core.webui.keyword.builtin.CloseBrowserKeyword.closeBrowser</property>
  <property name="testops-execution-stacktrace"></property>
</record>
<record>
  <date>2026-05-13T09:24:50.875291900Z</date>
  <millis>1778664290875</millis>
  <nanos>291900</nanos>
  <sequence>285</sequence>
  <level>END</level>
  <class>com.kms.katalon.core.logging.XmlKeywordLogger</class>
  <method>endKeyword</method>
  <thread>1</thread>
  <message>End action : closeBrowser()</message>
  <nestedLevel>1</nestedLevel>
  <escapedJava>false</escapedJava>
</record>
<record>
  <date>2026-05-13T09:24:50.875795700Z</date>
  <millis>1778664290875</millis>
  <nanos>795700</nanos>
  <sequence>286</sequence>
  <level>START</level>
  <class>com.kms.katalon.core.logging.XmlKeywordLogger</class>
  <method>startKeyword</method>
  <thread>1</thread>
  <message>Start action : println(&amp;quot;TC-03-Register_Valid Pass - Register Valid berhasil!&amp;quot;)</message>
  <nestedLevel>1</nestedLevel>
  <escapedJava>false</escapedJava>
  <property name="startLine">48</property>
  <property name="stepIndex">21</property>
</record>
<record>
  <date>2026-05-13T09:24:50.880787300Z</date>
  <millis>1778664290880</millis>
  <nanos>787300</nanos>
  <sequence>287</sequence>
  <level>END</level>
  <class>com.kms.katalon.core.logging.XmlKeywordLogger</class>
  <method>endKeyword</method>
  <thread>1</thread>
  <message>End action : println(&amp;quot;TC-03-Register_Valid Pass - Register Valid berhasil!&amp;quot;)</message>
  <nestedLevel>1</nestedLevel>
  <escapedJava>false</escapedJava>
</record>
<record>
  <date>2026-05-13T09:24:50.881783700Z</date>
  <millis>1778664290881</millis>
  <nanos>783700</nanos>
  <sequence>288</sequence>
  <level>PASSED</level>
  <class>com.kms.katalon.core.logging.XmlKeywordLogger</class>
  <method>logMessage</method>
  <thread>1</thread>
  <message>Test Cases/Web/TC-03-Register_Valid</message>
  <nestedLevel>1</nestedLevel>
  <escapedJava>false</escapedJava>
</record>
<record>
  <date>2026-05-13T09:24:50.883333700Z</date>
  <millis>1778664290883</millis>
  <nanos>333700</nanos>
  <sequence>289</sequence>
  <level>END</level>
  <class>com.kms.katalon.core.logging.XmlKeywordLogger</class>
  <method>endTest</method>
  <thread>1</thread>
  <message>End Test Case : Test Cases/Web/TC-03-Register_Valid</message>
  <nestedLevel>0</nestedLevel>
  <escapedJava>false</escapedJava>
  <property name="executionBindingVariables">[]</property>
  <property name="applitools">false</property>
  <property name="keywordsUsage">{
  &quot;web_ui&quot;: true,
  &quot;web_service&quot;: false,
  &quot;cucumber&quot;: false,
  &quot;builtin&quot;: false,
  &quot;mobile&quot;: false,
  &quot;windows&quot;: false,
  &quot;testng&quot;: false
}</property>
</record>
<record>
  <date>2026-05-13T09:24:50.892312800Z</date>
  <millis>1778664290892</millis>
  <nanos>312800</nanos>
  <sequence>290</sequence>
  <level>START</level>
  <class>com.kms.katalon.core.logging.XmlKeywordLogger</class>
  <method>startTest</method>
  <thread>1</thread>
  <message>Start Test Case : Test Cases/Web/TC-04-Register_Invalid</message>
  <nestedLevel>1</nestedLevel>
  <escapedJava>false</escapedJava>
  <property name="name">Test Cases/Web/TC-04-Register_Invalid</property>
  <property name="description"></property>
  <property name="iteration"></property>
  <property name="id">Test Cases/Web/TC-04-Register_Invalid</property>
  <property name="source">C:\Users\AVOWS\git\Katalon-Testing-web-automation\Test Cases\Web\TC-04-Register_Invalid.tc</property>
  <property name="tag"></property>
  <property name="isOptional">false</property>
</record>
<record>
  <date>2026-05-13T09:24:51.052080Z</date>
  <millis>1778664291052</millis>
  <nanos>80000</nanos>
  <sequence>292</sequence>
  <level>START</level>
  <class>com.kms.katalon.core.logging.XmlKeywordLogger</class>
  <method>startKeyword</method>
  <thread>1</thread>
  <message>Start action : openBrowser(&amp;quot;https://parabank.parasoft.com&amp;quot;)</message>
  <nestedLevel>1</nestedLevel>
  <escapedJava>false</escapedJava>
  <property name="startLine">20</property>
  <property name="stepIndex">1</property>
</record>
<record>
  <date>2026-05-13T09:24:51.057193500Z</date>
  <millis>1778664291057</millis>
  <nanos>193500</nanos>
  <sequence>294</sequence>
  <level>INFO</level>
  <class>com.kms.katalon.core.logging.XmlKeywordLogger</class>
  <method>logMessage</method>
  <thread>1</thread>
  <message>Starting &amp;apos;Chrome&amp;apos; driver</message>
  <nestedLevel>1</nestedLevel>
  <escapedJava>false</escapedJava>
</record>
<record>
  <date>2026-05-13T09:24:51.059203400Z</date>
  <millis>1778664291059</millis>
  <nanos>203400</nanos>
  <sequence>295</sequence>
  <level>INFO</level>
  <class>com.kms.katalon.core.logging.XmlKeywordLogger</class>
  <method>logMessage</method>
  <thread>1</thread>
  <message>Action delay is set to 0 milliseconds</message>
  <nestedLevel>1</nestedLevel>
  <escapedJava>false</escapedJava>
</record>
<record>
  <date>2026-05-13T09:24:53.465664800Z</date>
  <millis>1778664293465</millis>
  <nanos>664800</nanos>
  <sequence>298</sequence>
  <level>RUN_DATA</level>
  <class>com.kms.katalon.core.logging.XmlKeywordLogger</class>
  <method>logMessage</method>
  <thread>1</thread>
  <message>sessionId = 5518a20f02b11f642468886c4cf25e52</message>
  <nestedLevel>1</nestedLevel>
  <escapedJava>false</escapedJava>
  <property name="sessionId">5518a20f02b11f642468886c4cf25e52</property>
</record>
<record>
  <date>2026-05-13T09:24:53.466193200Z</date>
  <millis>1778664293466</millis>
  <nanos>193200</nanos>
  <sequence>299</sequence>
  <level>RUN_DATA</level>
  <class>com.kms.katalon.core.logging.XmlKeywordLogger</class>
  <method>logMessage</method>
  <thread>1</thread>
  <message>browser = Chrome 147.0.7727.138</message>
  <nestedLevel>1</nestedLevel>
  <escapedJava>false</escapedJava>
  <property name="browser">Chrome 147.0.7727.138</property>
</record>
<record>
  <date>2026-05-13T09:24:53.467327100Z</date>
  <millis>1778664293467</millis>
  <nanos>327100</nanos>
  <sequence>300</sequence>
  <level>RUN_DATA</level>
  <class>com.kms.katalon.core.logging.XmlKeywordLogger</class>
  <method>logMessage</method>
  <thread>1</thread>
  <message>platform = Windows 10</message>
  <nestedLevel>1</nestedLevel>
  <escapedJava>false</escapedJava>
  <property name="platform">Windows 10</property>
</record>
<record>
  <date>2026-05-13T09:24:53.468323800Z</date>
  <millis>1778664293468</millis>
  <nanos>323800</nanos>
  <sequence>301</sequence>
  <level>RUN_DATA</level>
  <class>com.kms.katalon.core.logging.XmlKeywordLogger</class>
  <method>logMessage</method>
  <thread>1</thread>
  <message>seleniumVersion = 4.28.1</message>
  <nestedLevel>1</nestedLevel>
  <escapedJava>false</escapedJava>
  <property name="seleniumVersion">4.28.1</property>
</record>
<record>
  <date>2026-05-13T09:24:53.470331600Z</date>
  <millis>1778664293470</millis>
  <nanos>331600</nanos>
  <sequence>302</sequence>
  <level>RUN_DATA</level>
  <class>com.kms.katalon.core.logging.XmlKeywordLogger</class>
  <method>logMessage</method>
  <thread>1</thread>
  <message>proxyInformation = ProxyInformation { proxyOption=NO_PROXY, proxyServerType=HTTP, username=, password=********, proxyServerAddress=, proxyServerPort=0, executionList=&amp;quot;&amp;quot;, isApplyToDesiredCapabilities=true }</message>
  <nestedLevel>1</nestedLevel>
  <escapedJava>false</escapedJava>
  <property name="proxyInformation">ProxyInformation { proxyOption=NO_PROXY, proxyServerType=HTTP, username=, password=********, proxyServerAddress=, proxyServerPort=0, executionList=&quot;&quot;, isApplyToDesiredCapabilities=true }</property>
</record>
<record>
  <date>2026-05-13T09:24:54.681420Z</date>
  <millis>1778664294681</millis>
  <nanos>420000</nanos>
  <sequence>304</sequence>
  <level>PASSED</level>
  <class>com.kms.katalon.core.logging.XmlKeywordLogger</class>
  <method>logMessage</method>
  <thread>1</thread>
  <message>Browser is opened with url: &amp;apos;https://parabank.parasoft.com&amp;apos;</message>
  <nestedLevel>1</nestedLevel>
  <escapedJava>false</escapedJava>
  <property name="testops-method-name">com.kms.katalon.core.webui.keyword.builtin.OpenBrowserKeyword.openBrowser</property>
  <property name="testops-execution-stacktrace"></property>
</record>
<record>
  <date>2026-05-13T09:24:54.687016300Z</date>
  <millis>1778664294687</millis>
  <nanos>16300</nanos>
  <sequence>305</sequence>
  <level>END</level>
  <class>com.kms.katalon.core.logging.XmlKeywordLogger</class>
  <method>endKeyword</method>
  <thread>1</thread>
  <message>End action : openBrowser(&amp;quot;https://parabank.parasoft.com&amp;quot;)</message>
  <nestedLevel>1</nestedLevel>
  <escapedJava>false</escapedJava>
</record>
<record>
  <date>2026-05-13T09:24:54.689041700Z</date>
  <millis>1778664294689</millis>
  <nanos>41700</nanos>
  <sequence>306</sequence>
  <level>START</level>
  <class>com.kms.katalon.core.logging.XmlKeywordLogger</class>
  <method>startKeyword</method>
  <thread>1</thread>
  <message>Start action : click(findTestObject(&amp;quot;Web/Register/link_register&amp;quot;))</message>
  <nestedLevel>1</nestedLevel>
  <escapedJava>false</escapedJava>
  <property name="startLine">21</property>
  <property name="stepIndex">2</property>
</record>
<record>
  <date>2026-05-13T09:24:55.716835600Z</date>
  <millis>1778664295716</millis>
  <nanos>835600</nanos>
  <sequence>316</sequence>
  <level>PASSED</level>
  <class>com.kms.katalon.core.logging.XmlKeywordLogger</class>
  <method>logMessage</method>
  <thread>1</thread>
  <message>Object: &amp;apos;Object Repository/Web/Register/link_register&amp;apos; is clicked on</message>
  <nestedLevel>1</nestedLevel>
  <escapedJava>false</escapedJava>
  <property name="testops-method-name">com.kms.katalon.core.webui.keyword.builtin.ClickKeyword.click</property>
  <property name="testops-execution-stacktrace"></property>
</record>
<record>
  <date>2026-05-13T09:24:55.723534Z</date>
  <millis>1778664295723</millis>
  <nanos>534000</nanos>
  <sequence>317</sequence>
  <level>END</level>
  <class>com.kms.katalon.core.logging.XmlKeywordLogger</class>
  <method>endKeyword</method>
  <thread>1</thread>
  <message>End action : click(findTestObject(&amp;quot;Web/Register/link_register&amp;quot;))</message>
  <nestedLevel>1</nestedLevel>
  <escapedJava>false</escapedJava>
</record>
<record>
  <date>2026-05-13T09:24:55.724528800Z</date>
  <millis>1778664295724</millis>
  <nanos>528800</nanos>
  <sequence>318</sequence>
  <level>START</level>
  <class>com.kms.katalon.core.logging.XmlKeywordLogger</class>
  <method>startKeyword</method>
  <thread>1</thread>
  <message>Start action : setText(findTestObject(&amp;quot;Web/Register/txt_firstname&amp;quot;), &amp;quot;haryadi&amp;quot;)</message>
  <nestedLevel>1</nestedLevel>
  <escapedJava>false</escapedJava>
  <property name="startLine">23</property>
  <property name="stepIndex">3</property>
</record>
<record>
  <date>2026-05-13T09:24:56.540672400Z</date>
  <millis>1778664296540</millis>
  <nanos>672400</nanos>
  <sequence>334</sequence>
  <level>PASSED</level>
  <class>com.kms.katalon.core.logging.XmlKeywordLogger</class>
  <method>logMessage</method>
  <thread>1</thread>
  <message>Text &amp;apos;haryadi&amp;apos; is set on object &amp;apos;Object Repository/Web/Register/txt_firstname&amp;apos;</message>
  <nestedLevel>1</nestedLevel>
  <escapedJava>false</escapedJava>
  <property name="testops-method-name">com.kms.katalon.core.webui.keyword.builtin.SetTextKeyword.setText</property>
  <property name="testops-execution-stacktrace"></property>
</record>
<record>
  <date>2026-05-13T09:24:56.542659Z</date>
  <millis>1778664296542</millis>
  <nanos>659000</nanos>
  <sequence>335</sequence>
  <level>END</level>
  <class>com.kms.katalon.core.logging.XmlKeywordLogger</class>
  <method>endKeyword</method>
  <thread>1</thread>
  <message>End action : setText(findTestObject(&amp;quot;Web/Register/txt_firstname&amp;quot;), &amp;quot;haryadi&amp;quot;)</message>
  <nestedLevel>1</nestedLevel>
  <escapedJava>false</escapedJava>
</record>
<record>
  <date>2026-05-13T09:24:56.543637700Z</date>
  <millis>1778664296543</millis>
  <nanos>637700</nanos>
  <sequence>336</sequence>
  <level>START</level>
  <class>com.kms.katalon.core.logging.XmlKeywordLogger</class>
  <method>startKeyword</method>
  <thread>1</thread>
  <message>Start action : setText(findTestObject(&amp;quot;Web/Register/txt_lastname&amp;quot;), &amp;quot;haryanto&amp;quot;)</message>
  <nestedLevel>1</nestedLevel>
  <escapedJava>false</escapedJava>
  <property name="startLine">24</property>
  <property name="stepIndex">4</property>
</record>
<record>
  <date>2026-05-13T09:24:57.160141200Z</date>
  <millis>1778664297160</millis>
  <nanos>141200</nanos>
  <sequence>352</sequence>
  <level>PASSED</level>
  <class>com.kms.katalon.core.logging.XmlKeywordLogger</class>
  <method>logMessage</method>
  <thread>1</thread>
  <message>Text &amp;apos;haryanto&amp;apos; is set on object &amp;apos;Object Repository/Web/Register/txt_lastname&amp;apos;</message>
  <nestedLevel>1</nestedLevel>
  <escapedJava>false</escapedJava>
  <property name="testops-method-name">com.kms.katalon.core.webui.keyword.builtin.SetTextKeyword.setText</property>
  <property name="testops-execution-stacktrace"></property>
</record>
<record>
  <date>2026-05-13T09:24:57.162120500Z</date>
  <millis>1778664297162</millis>
  <nanos>120500</nanos>
  <sequence>353</sequence>
  <level>END</level>
  <class>com.kms.katalon.core.logging.XmlKeywordLogger</class>
  <method>endKeyword</method>
  <thread>1</thread>
  <message>End action : setText(findTestObject(&amp;quot;Web/Register/txt_lastname&amp;quot;), &amp;quot;haryanto&amp;quot;)</message>
  <nestedLevel>1</nestedLevel>
  <escapedJava>false</escapedJava>
</record>
<record>
  <date>2026-05-13T09:24:57.163130400Z</date>
  <millis>1778664297163</millis>
  <nanos>130400</nanos>
  <sequence>354</sequence>
  <level>START</level>
  <class>com.kms.katalon.core.logging.XmlKeywordLogger</class>
  <method>startKeyword</method>
  <thread>1</thread>
  <message>Start action : setText(findTestObject(&amp;quot;Web/Register/txt_address&amp;quot;), &amp;quot;terin 1&amp;quot;)</message>
  <nestedLevel>1</nestedLevel>
  <escapedJava>false</escapedJava>
  <property name="startLine">25</property>
  <property name="stepIndex">5</property>
</record>
<record>
  <date>2026-05-13T09:24:57.793474800Z</date>
  <millis>1778664297793</millis>
  <nanos>474800</nanos>
  <sequence>370</sequence>
  <level>PASSED</level>
  <class>com.kms.katalon.core.logging.XmlKeywordLogger</class>
  <method>logMessage</method>
  <thread>1</thread>
  <message>Text &amp;apos;terin 1&amp;apos; is set on object &amp;apos;Object Repository/Web/Register/txt_address&amp;apos;</message>
  <nestedLevel>1</nestedLevel>
  <escapedJava>false</escapedJava>
  <property name="testops-method-name">com.kms.katalon.core.webui.keyword.builtin.SetTextKeyword.setText</property>
  <property name="testops-execution-stacktrace"></property>
</record>
<record>
  <date>2026-05-13T09:24:57.795475600Z</date>
  <millis>1778664297795</millis>
  <nanos>475600</nanos>
  <sequence>371</sequence>
  <level>END</level>
  <class>com.kms.katalon.core.logging.XmlKeywordLogger</class>
  <method>endKeyword</method>
  <thread>1</thread>
  <message>End action : setText(findTestObject(&amp;quot;Web/Register/txt_address&amp;quot;), &amp;quot;terin 1&amp;quot;)</message>
  <nestedLevel>1</nestedLevel>
  <escapedJava>false</escapedJava>
</record>
<record>
  <date>2026-05-13T09:24:57.796569100Z</date>
  <millis>1778664297796</millis>
  <nanos>569100</nanos>
  <sequence>372</sequence>
  <level>START</level>
  <class>com.kms.katalon.core.logging.XmlKeywordLogger</class>
  <method>startKeyword</method>
  <thread>1</thread>
  <message>Start action : setText(findTestObject(&amp;quot;Web/Register/txt_city&amp;quot;), &amp;quot;Depok&amp;quot;)</message>
  <nestedLevel>1</nestedLevel>
  <escapedJava>false</escapedJava>
  <property name="startLine">26</property>
  <property name="stepIndex">6</property>
</record>
<record>
  <date>2026-05-13T09:24:58.408695600Z</date>
  <millis>1778664298408</millis>
  <nanos>695600</nanos>
  <sequence>388</sequence>
  <level>PASSED</level>
  <class>com.kms.katalon.core.logging.XmlKeywordLogger</class>
  <method>logMessage</method>
  <thread>1</thread>
  <message>Text &amp;apos;Depok&amp;apos; is set on object &amp;apos;Object Repository/Web/Register/txt_city&amp;apos;</message>
  <nestedLevel>1</nestedLevel>
  <escapedJava>false</escapedJava>
  <property name="testops-method-name">com.kms.katalon.core.webui.keyword.builtin.SetTextKeyword.setText</property>
  <property name="testops-execution-stacktrace"></property>
</record>
<record>
  <date>2026-05-13T09:24:58.410689600Z</date>
  <millis>1778664298410</millis>
  <nanos>689600</nanos>
  <sequence>389</sequence>
  <level>END</level>
  <class>com.kms.katalon.core.logging.XmlKeywordLogger</class>
  <method>endKeyword</method>
  <thread>1</thread>
  <message>End action : setText(findTestObject(&amp;quot;Web/Register/txt_city&amp;quot;), &amp;quot;Depok&amp;quot;)</message>
  <nestedLevel>1</nestedLevel>
  <escapedJava>false</escapedJava>
</record>
<record>
  <date>2026-05-13T09:24:58.411600700Z</date>
  <millis>1778664298411</millis>
  <nanos>600700</nanos>
  <sequence>390</sequence>
  <level>START</level>
  <class>com.kms.katalon.core.logging.XmlKeywordLogger</class>
  <method>startKeyword</method>
  <thread>1</thread>
  <message>Start action : setText(findTestObject(&amp;quot;Web/Register/txt_state&amp;quot;), &amp;quot;ina&amp;quot;)</message>
  <nestedLevel>1</nestedLevel>
  <escapedJava>false</escapedJava>
  <property name="startLine">27</property>
  <property name="stepIndex">7</property>
</record>
<record>
  <date>2026-05-13T09:24:59.043379700Z</date>
  <millis>1778664299043</millis>
  <nanos>379700</nanos>
  <sequence>406</sequence>
  <level>PASSED</level>
  <class>com.kms.katalon.core.logging.XmlKeywordLogger</class>
  <method>logMessage</method>
  <thread>1</thread>
  <message>Text &amp;apos;ina&amp;apos; is set on object &amp;apos;Object Repository/Web/Register/txt_state&amp;apos;</message>
  <nestedLevel>1</nestedLevel>
  <escapedJava>false</escapedJava>
  <property name="testops-method-name">com.kms.katalon.core.webui.keyword.builtin.SetTextKeyword.setText</property>
  <property name="testops-execution-stacktrace"></property>
</record>
<record>
  <date>2026-05-13T09:24:59.045373800Z</date>
  <millis>1778664299045</millis>
  <nanos>373800</nanos>
  <sequence>407</sequence>
  <level>END</level>
  <class>com.kms.katalon.core.logging.XmlKeywordLogger</class>
  <method>endKeyword</method>
  <thread>1</thread>
  <message>End action : setText(findTestObject(&amp;quot;Web/Register/txt_state&amp;quot;), &amp;quot;ina&amp;quot;)</message>
  <nestedLevel>1</nestedLevel>
  <escapedJava>false</escapedJava>
</record>
<record>
  <date>2026-05-13T09:24:59.046370200Z</date>
  <millis>1778664299046</millis>
  <nanos>370200</nanos>
  <sequence>408</sequence>
  <level>START</level>
  <class>com.kms.katalon.core.logging.XmlKeywordLogger</class>
  <method>startKeyword</method>
  <thread>1</thread>
  <message>Start action : setText(findTestObject(&amp;quot;Web/Register/txt_zipcode&amp;quot;), &amp;quot;11450&amp;quot;)</message>
  <nestedLevel>1</nestedLevel>
  <escapedJava>false</escapedJava>
  <property name="startLine">28</property>
  <property name="stepIndex">8</property>
</record>
<record>
  <date>2026-05-13T09:24:59.662347300Z</date>
  <millis>1778664299662</millis>
  <nanos>347300</nanos>
  <sequence>424</sequence>
  <level>PASSED</level>
  <class>com.kms.katalon.core.logging.XmlKeywordLogger</class>
  <method>logMessage</method>
  <thread>1</thread>
  <message>Text &amp;apos;11450&amp;apos; is set on object &amp;apos;Object Repository/Web/Register/txt_zipcode&amp;apos;</message>
  <nestedLevel>1</nestedLevel>
  <escapedJava>false</escapedJava>
  <property name="testops-method-name">com.kms.katalon.core.webui.keyword.builtin.SetTextKeyword.setText</property>
  <property name="testops-execution-stacktrace"></property>
</record>
<record>
  <date>2026-05-13T09:24:59.664313800Z</date>
  <millis>1778664299664</millis>
  <nanos>313800</nanos>
  <sequence>425</sequence>
  <level>END</level>
  <class>com.kms.katalon.core.logging.XmlKeywordLogger</class>
  <method>endKeyword</method>
  <thread>1</thread>
  <message>End action : setText(findTestObject(&amp;quot;Web/Register/txt_zipcode&amp;quot;), &amp;quot;11450&amp;quot;)</message>
  <nestedLevel>1</nestedLevel>
  <escapedJava>false</escapedJava>
</record>
<record>
  <date>2026-05-13T09:24:59.665310500Z</date>
  <millis>1778664299665</millis>
  <nanos>310500</nanos>
  <sequence>426</sequence>
  <level>START</level>
  <class>com.kms.katalon.core.logging.XmlKeywordLogger</class>
  <method>startKeyword</method>
  <thread>1</thread>
  <message>Start action : setText(findTestObject(&amp;quot;Web/Register/txt_phonenumber&amp;quot;), &amp;quot;628527323222&amp;quot;)</message>
  <nestedLevel>1</nestedLevel>
  <escapedJava>false</escapedJava>
  <property name="startLine">29</property>
  <property name="stepIndex">9</property>
</record>
<record>
  <date>2026-05-13T09:25:00.298437200Z</date>
  <millis>1778664300298</millis>
  <nanos>437200</nanos>
  <sequence>442</sequence>
  <level>PASSED</level>
  <class>com.kms.katalon.core.logging.XmlKeywordLogger</class>
  <method>logMessage</method>
  <thread>1</thread>
  <message>Text &amp;apos;628527323222&amp;apos; is set on object &amp;apos;Object Repository/Web/Register/txt_phonenumber&amp;apos;</message>
  <nestedLevel>1</nestedLevel>
  <escapedJava>false</escapedJava>
  <property name="testops-method-name">com.kms.katalon.core.webui.keyword.builtin.SetTextKeyword.setText</property>
  <property name="testops-execution-stacktrace"></property>
</record>
<record>
  <date>2026-05-13T09:25:00.301515200Z</date>
  <millis>1778664300301</millis>
  <nanos>515200</nanos>
  <sequence>443</sequence>
  <level>END</level>
  <class>com.kms.katalon.core.logging.XmlKeywordLogger</class>
  <method>endKeyword</method>
  <thread>1</thread>
  <message>End action : setText(findTestObject(&amp;quot;Web/Register/txt_phonenumber&amp;quot;), &amp;quot;628527323222&amp;quot;)</message>
  <nestedLevel>1</nestedLevel>
  <escapedJava>false</escapedJava>
</record>
<record>
  <date>2026-05-13T09:25:00.301515200Z</date>
  <millis>1778664300301</millis>
  <nanos>515200</nanos>
  <sequence>444</sequence>
  <level>START</level>
  <class>com.kms.katalon.core.logging.XmlKeywordLogger</class>
  <method>startKeyword</method>
  <thread>1</thread>
  <message>Start action : setText(findTestObject(&amp;quot;Web/Register/txt_ssn&amp;quot;), &amp;quot;12321311&amp;quot;)</message>
  <nestedLevel>1</nestedLevel>
  <escapedJava>false</escapedJava>
  <property name="startLine">30</property>
  <property name="stepIndex">10</property>
</record>
<record>
  <date>2026-05-13T09:25:00.930185700Z</date>
  <millis>1778664300930</millis>
  <nanos>185700</nanos>
  <sequence>460</sequence>
  <level>PASSED</level>
  <class>com.kms.katalon.core.logging.XmlKeywordLogger</class>
  <method>logMessage</method>
  <thread>1</thread>
  <message>Text &amp;apos;12321311&amp;apos; is set on object &amp;apos;Object Repository/Web/Register/txt_ssn&amp;apos;</message>
  <nestedLevel>1</nestedLevel>
  <escapedJava>false</escapedJava>
  <property name="testops-method-name">com.kms.katalon.core.webui.keyword.builtin.SetTextKeyword.setText</property>
  <property name="testops-execution-stacktrace"></property>
</record>
<record>
  <date>2026-05-13T09:25:00.932173300Z</date>
  <millis>1778664300932</millis>
  <nanos>173300</nanos>
  <sequence>461</sequence>
  <level>END</level>
  <class>com.kms.katalon.core.logging.XmlKeywordLogger</class>
  <method>endKeyword</method>
  <thread>1</thread>
  <message>End action : setText(findTestObject(&amp;quot;Web/Register/txt_ssn&amp;quot;), &amp;quot;12321311&amp;quot;)</message>
  <nestedLevel>1</nestedLevel>
  <escapedJava>false</escapedJava>
</record>
<record>
  <date>2026-05-13T09:25:00.932173300Z</date>
  <millis>1778664300932</millis>
  <nanos>173300</nanos>
  <sequence>462</sequence>
  <level>START</level>
  <class>com.kms.katalon.core.logging.XmlKeywordLogger</class>
  <method>startKeyword</method>
  <thread>1</thread>
  <message>Start action : setText(findTestObject(&amp;quot;Web/Register/txt_username&amp;quot;), &amp;quot;Haryadi01&amp;quot;)</message>
  <nestedLevel>1</nestedLevel>
  <escapedJava>false</escapedJava>
  <property name="startLine">32</property>
  <property name="stepIndex">11</property>
</record>
<record>
  <date>2026-05-13T09:25:01.566779400Z</date>
  <millis>1778664301566</millis>
  <nanos>779400</nanos>
  <sequence>478</sequence>
  <level>PASSED</level>
  <class>com.kms.katalon.core.logging.XmlKeywordLogger</class>
  <method>logMessage</method>
  <thread>1</thread>
  <message>Text &amp;apos;Haryadi01&amp;apos; is set on object &amp;apos;Object Repository/Web/Register/txt_username&amp;apos;</message>
  <nestedLevel>1</nestedLevel>
  <escapedJava>false</escapedJava>
  <property name="testops-method-name">com.kms.katalon.core.webui.keyword.builtin.SetTextKeyword.setText</property>
  <property name="testops-execution-stacktrace"></property>
</record>
<record>
  <date>2026-05-13T09:25:01.570116200Z</date>
  <millis>1778664301570</millis>
  <nanos>116200</nanos>
  <sequence>479</sequence>
  <level>END</level>
  <class>com.kms.katalon.core.logging.XmlKeywordLogger</class>
  <method>endKeyword</method>
  <thread>1</thread>
  <message>End action : setText(findTestObject(&amp;quot;Web/Register/txt_username&amp;quot;), &amp;quot;Haryadi01&amp;quot;)</message>
  <nestedLevel>1</nestedLevel>
  <escapedJava>false</escapedJava>
</record>
<record>
  <date>2026-05-13T09:25:01.570116200Z</date>
  <millis>1778664301570</millis>
  <nanos>116200</nanos>
  <sequence>480</sequence>
  <level>START</level>
  <class>com.kms.katalon.core.logging.XmlKeywordLogger</class>
  <method>startKeyword</method>
  <thread>1</thread>
  <message>Start action : setText(findTestObject(&amp;quot;Web/Register/txt_password&amp;quot;), &amp;quot;qwerty123&amp;quot;)</message>
  <nestedLevel>1</nestedLevel>
  <escapedJava>false</escapedJava>
  <property name="startLine">33</property>
  <property name="stepIndex">12</property>
</record>
<record>
  <date>2026-05-13T09:25:02.196256300Z</date>
  <millis>1778664302196</millis>
  <nanos>256300</nanos>
  <sequence>496</sequence>
  <level>PASSED</level>
  <class>com.kms.katalon.core.logging.XmlKeywordLogger</class>
  <method>logMessage</method>
  <thread>1</thread>
  <message>Text &amp;apos;qwerty123&amp;apos; is set on object &amp;apos;Object Repository/Web/Register/txt_password&amp;apos;</message>
  <nestedLevel>1</nestedLevel>
  <escapedJava>false</escapedJava>
  <property name="testops-method-name">com.kms.katalon.core.webui.keyword.builtin.SetTextKeyword.setText</property>
  <property name="testops-execution-stacktrace"></property>
</record>
<record>
  <date>2026-05-13T09:25:02.198243300Z</date>
  <millis>1778664302198</millis>
  <nanos>243300</nanos>
  <sequence>497</sequence>
  <level>END</level>
  <class>com.kms.katalon.core.logging.XmlKeywordLogger</class>
  <method>endKeyword</method>
  <thread>1</thread>
  <message>End action : setText(findTestObject(&amp;quot;Web/Register/txt_password&amp;quot;), &amp;quot;qwerty123&amp;quot;)</message>
  <nestedLevel>1</nestedLevel>
  <escapedJava>false</escapedJava>
</record>
<record>
  <date>2026-05-13T09:25:02.198243300Z</date>
  <millis>1778664302198</millis>
  <nanos>243300</nanos>
  <sequence>498</sequence>
  <level>START</level>
  <class>com.kms.katalon.core.logging.XmlKeywordLogger</class>
  <method>startKeyword</method>
  <thread>1</thread>
  <message>Start action : setText(findTestObject(&amp;quot;Web/Register/txt_confirmpassword&amp;quot;), &amp;quot;qwerty123&amp;quot;)</message>
  <nestedLevel>1</nestedLevel>
  <escapedJava>false</escapedJava>
  <property name="startLine">34</property>
  <property name="stepIndex">13</property>
</record>
<record>
  <date>2026-05-13T09:25:02.785857200Z</date>
  <millis>1778664302785</millis>
  <nanos>857200</nanos>
  <sequence>514</sequence>
  <level>PASSED</level>
  <class>com.kms.katalon.core.logging.XmlKeywordLogger</class>
  <method>logMessage</method>
  <thread>1</thread>
  <message>Text &amp;apos;qwerty123&amp;apos; is set on object &amp;apos;Object Repository/Web/Register/txt_confirmpassword&amp;apos;</message>
  <nestedLevel>1</nestedLevel>
  <escapedJava>false</escapedJava>
  <property name="testops-method-name">com.kms.katalon.core.webui.keyword.builtin.SetTextKeyword.setText</property>
  <property name="testops-execution-stacktrace"></property>
</record>
<record>
  <date>2026-05-13T09:25:02.789862600Z</date>
  <millis>1778664302789</millis>
  <nanos>862600</nanos>
  <sequence>515</sequence>
  <level>END</level>
  <class>com.kms.katalon.core.logging.XmlKeywordLogger</class>
  <method>endKeyword</method>
  <thread>1</thread>
  <message>End action : setText(findTestObject(&amp;quot;Web/Register/txt_confirmpassword&amp;quot;), &amp;quot;qwerty123&amp;quot;)</message>
  <nestedLevel>1</nestedLevel>
  <escapedJava>false</escapedJava>
</record>
<record>
  <date>2026-05-13T09:25:02.790938800Z</date>
  <millis>1778664302790</millis>
  <nanos>938800</nanos>
  <sequence>516</sequence>
  <level>START</level>
  <class>com.kms.katalon.core.logging.XmlKeywordLogger</class>
  <method>startKeyword</method>
  <thread>1</thread>
  <message>Start action : click(findTestObject(&amp;quot;Web/Register/btn_register&amp;quot;))</message>
  <nestedLevel>1</nestedLevel>
  <escapedJava>false</escapedJava>
  <property name="startLine">36</property>
  <property name="stepIndex">14</property>
</record>
<record>
  <date>2026-05-13T09:25:03.437978500Z</date>
  <millis>1778664303437</millis>
  <nanos>978500</nanos>
  <sequence>526</sequence>
  <level>PASSED</level>
  <class>com.kms.katalon.core.logging.XmlKeywordLogger</class>
  <method>logMessage</method>
  <thread>1</thread>
  <message>Object: &amp;apos;Object Repository/Web/Register/btn_register&amp;apos; is clicked on</message>
  <nestedLevel>1</nestedLevel>
  <escapedJava>false</escapedJava>
  <property name="testops-method-name">com.kms.katalon.core.webui.keyword.builtin.ClickKeyword.click</property>
  <property name="testops-execution-stacktrace"></property>
</record>
<record>
  <date>2026-05-13T09:25:03.441917Z</date>
  <millis>1778664303441</millis>
  <nanos>917000</nanos>
  <sequence>527</sequence>
  <level>END</level>
  <class>com.kms.katalon.core.logging.XmlKeywordLogger</class>
  <method>endKeyword</method>
  <thread>1</thread>
  <message>End action : click(findTestObject(&amp;quot;Web/Register/btn_register&amp;quot;))</message>
  <nestedLevel>1</nestedLevel>
  <escapedJava>false</escapedJava>
</record>
<record>
  <date>2026-05-13T09:25:03.443351200Z</date>
  <millis>1778664303443</millis>
  <nanos>351200</nanos>
  <sequence>528</sequence>
  <level>START</level>
  <class>com.kms.katalon.core.logging.XmlKeywordLogger</class>
  <method>startKeyword</method>
  <thread>1</thread>
  <message>Start action : waitForElementPresent(findTestObject(&amp;quot;Web/Register/lbl_failRegister&amp;quot;), 5)</message>
  <nestedLevel>1</nestedLevel>
  <escapedJava>false</escapedJava>
  <property name="startLine">38</property>
  <property name="stepIndex">15</property>
</record>
<record>
  <date>2026-05-13T09:25:03.842878Z</date>
  <millis>1778664303842</millis>
  <nanos>878000</nanos>
  <sequence>536</sequence>
  <level>PASSED</level>
  <class>com.kms.katalon.core.logging.XmlKeywordLogger</class>
  <method>logMessage</method>
  <thread>1</thread>
  <message>Object &amp;apos;Object Repository/Web/Register/lbl_failRegister&amp;apos; is present</message>
  <nestedLevel>1</nestedLevel>
  <escapedJava>false</escapedJava>
  <property name="testops-method-name">com.kms.katalon.core.webui.keyword.builtin.WaitForElementPresentKeyword.waitForElementPresent</property>
  <property name="testops-execution-stacktrace"></property>
</record>
<record>
  <date>2026-05-13T09:25:03.844872700Z</date>
  <millis>1778664303844</millis>
  <nanos>872700</nanos>
  <sequence>537</sequence>
  <level>END</level>
  <class>com.kms.katalon.core.logging.XmlKeywordLogger</class>
  <method>endKeyword</method>
  <thread>1</thread>
  <message>End action : waitForElementPresent(findTestObject(&amp;quot;Web/Register/lbl_failRegister&amp;quot;), 5)</message>
  <nestedLevel>1</nestedLevel>
  <escapedJava>false</escapedJava>
</record>
<record>
  <date>2026-05-13T09:25:03.846120500Z</date>
  <millis>1778664303846</millis>
  <nanos>120500</nanos>
  <sequence>538</sequence>
  <level>START</level>
  <class>com.kms.katalon.core.logging.XmlKeywordLogger</class>
  <method>startKeyword</method>
  <thread>1</thread>
  <message>Start action : verifyElementText(findTestObject(&amp;quot;Web/Register/lbl_failRegister&amp;quot;), &amp;quot;This username already exists.&amp;quot;)</message>
  <nestedLevel>1</nestedLevel>
  <escapedJava>false</escapedJava>
  <property name="startLine">39</property>
  <property name="stepIndex">16</property>
</record>
<record>
  <date>2026-05-13T09:25:04.127591600Z</date>
  <millis>1778664304127</millis>
  <nanos>591600</nanos>
  <sequence>546</sequence>
  <level>PASSED</level>
  <class>com.kms.katalon.core.logging.XmlKeywordLogger</class>
  <method>logMessage</method>
  <thread>1</thread>
  <message>Actual text and expected text of test object &amp;apos;Object Repository/Web/Register/lbl_failRegister&amp;apos; are matched.</message>
  <nestedLevel>1</nestedLevel>
  <escapedJava>false</escapedJava>
  <property name="testops-is-assertion">true</property>
  <property name="testops-method-name">com.kms.katalon.core.webui.keyword.builtin.VerifyElementTextKeyword.verifyElementText</property>
  <property name="testops-execution-stacktrace"></property>
</record>
<record>
  <date>2026-05-13T09:25:04.129587200Z</date>
  <millis>1778664304129</millis>
  <nanos>587200</nanos>
  <sequence>547</sequence>
  <level>END</level>
  <class>com.kms.katalon.core.logging.XmlKeywordLogger</class>
  <method>endKeyword</method>
  <thread>1</thread>
  <message>End action : verifyElementText(findTestObject(&amp;quot;Web/Register/lbl_failRegister&amp;quot;), &amp;quot;This username already exists.&amp;quot;)</message>
  <nestedLevel>1</nestedLevel>
  <escapedJava>false</escapedJava>
</record>
<record>
  <date>2026-05-13T09:25:04.129587200Z</date>
  <millis>1778664304129</millis>
  <nanos>587200</nanos>
  <sequence>548</sequence>
  <level>START</level>
  <class>com.kms.katalon.core.logging.XmlKeywordLogger</class>
  <method>startKeyword</method>
  <thread>1</thread>
  <message>Start action : takeScreenshot(screenshotPath + &amp;quot;TC-04-Register Invalid.png&amp;quot;)</message>
  <nestedLevel>1</nestedLevel>
  <escapedJava>false</escapedJava>
  <property name="startLine">40</property>
  <property name="stepIndex">17</property>
</record>
<record>
  <date>2026-05-13T09:25:04.522509700Z</date>
  <millis>1778664304522</millis>
  <nanos>509700</nanos>
  <sequence>550</sequence>
  <level>PASSED</level>
  <class>com.kms.katalon.core.logging.XmlKeywordLogger</class>
  <method>logMessage</method>
  <thread>1</thread>
  <message>Taking screenshot successfully</message>
  <nestedLevel>1</nestedLevel>
  <escapedJava>false</escapedJava>
  <property name="attachment">C:\Users\AVOWS\git\Katalon-Testing-web-automation\screenshot\TC-04-Register Invalid.png</property>
  <property name="testops-method-name">com.kms.katalon.core.webui.keyword.builtin.TakeScreenshotKeyword.takeScreenshot</property>
  <property name="testops-execution-stacktrace"></property>
</record>
<record>
  <date>2026-05-13T09:25:04.526185300Z</date>
  <millis>1778664304526</millis>
  <nanos>185300</nanos>
  <sequence>551</sequence>
  <level>END</level>
  <class>com.kms.katalon.core.logging.XmlKeywordLogger</class>
  <method>endKeyword</method>
  <thread>1</thread>
  <message>End action : takeScreenshot(screenshotPath + &amp;quot;TC-04-Register Invalid.png&amp;quot;)</message>
  <nestedLevel>1</nestedLevel>
  <escapedJava>false</escapedJava>
</record>
<record>
  <date>2026-05-13T09:25:04.526838600Z</date>
  <millis>1778664304526</millis>
  <nanos>838600</nanos>
  <sequence>552</sequence>
  <level>START</level>
  <class>com.kms.katalon.core.logging.XmlKeywordLogger</class>
  <method>startKeyword</method>
  <thread>1</thread>
  <message>Start action : closeBrowser()</message>
  <nestedLevel>1</nestedLevel>
  <escapedJava>false</escapedJava>
  <property name="startLine">42</property>
  <property name="stepIndex">18</property>
</record>
<record>
  <date>2026-05-13T09:25:04.957543900Z</date>
  <millis>1778664304957</millis>
  <nanos>543900</nanos>
  <sequence>554</sequence>
  <level>PASSED</level>
  <class>com.kms.katalon.core.logging.XmlKeywordLogger</class>
  <method>logMessage</method>
  <thread>1</thread>
  <message>Browser is closed</message>
  <nestedLevel>1</nestedLevel>
  <escapedJava>false</escapedJava>
  <property name="testops-method-name">com.kms.katalon.core.webui.keyword.builtin.CloseBrowserKeyword.closeBrowser</property>
  <property name="testops-execution-stacktrace"></property>
</record>
<record>
  <date>2026-05-13T09:25:04.959173800Z</date>
  <millis>1778664304959</millis>
  <nanos>173800</nanos>
  <sequence>555</sequence>
  <level>END</level>
  <class>com.kms.katalon.core.logging.XmlKeywordLogger</class>
  <method>endKeyword</method>
  <thread>1</thread>
  <message>End action : closeBrowser()</message>
  <nestedLevel>1</nestedLevel>
  <escapedJava>false</escapedJava>
</record>
<record>
  <date>2026-05-13T09:25:04.960169800Z</date>
  <millis>1778664304960</millis>
  <nanos>169800</nanos>
  <sequence>556</sequence>
  <level>START</level>
  <class>com.kms.katalon.core.logging.XmlKeywordLogger</class>
  <method>startKeyword</method>
  <thread>1</thread>
  <message>Start action : println(&amp;quot;TC-04-Register_Invalid Pass - Register Invalid berhasil!&amp;quot;)</message>
  <nestedLevel>1</nestedLevel>
  <escapedJava>false</escapedJava>
  <property name="startLine">43</property>
  <property name="stepIndex">19</property>
</record>
<record>
  <date>2026-05-13T09:25:04.962022500Z</date>
  <millis>1778664304962</millis>
  <nanos>22500</nanos>
  <sequence>557</sequence>
  <level>END</level>
  <class>com.kms.katalon.core.logging.XmlKeywordLogger</class>
  <method>endKeyword</method>
  <thread>1</thread>
  <message>End action : println(&amp;quot;TC-04-Register_Invalid Pass - Register Invalid berhasil!&amp;quot;)</message>
  <nestedLevel>1</nestedLevel>
  <escapedJava>false</escapedJava>
</record>
<record>
  <date>2026-05-13T09:25:04.963018600Z</date>
  <millis>1778664304963</millis>
  <nanos>18600</nanos>
  <sequence>558</sequence>
  <level>PASSED</level>
  <class>com.kms.katalon.core.logging.XmlKeywordLogger</class>
  <method>logMessage</method>
  <thread>1</thread>
  <message>Test Cases/Web/TC-04-Register_Invalid</message>
  <nestedLevel>1</nestedLevel>
  <escapedJava>false</escapedJava>
</record>
<record>
  <date>2026-05-13T09:25:04.964015900Z</date>
  <millis>1778664304964</millis>
  <nanos>15900</nanos>
  <sequence>559</sequence>
  <level>END</level>
  <class>com.kms.katalon.core.logging.XmlKeywordLogger</class>
  <method>endTest</method>
  <thread>1</thread>
  <message>End Test Case : Test Cases/Web/TC-04-Register_Invalid</message>
  <nestedLevel>0</nestedLevel>
  <escapedJava>false</escapedJava>
  <property name="executionBindingVariables">[]</property>
  <property name="applitools">false</property>
  <property name="keywordsUsage">{
  &quot;web_ui&quot;: true,
  &quot;web_service&quot;: false,
  &quot;cucumber&quot;: false,
  &quot;builtin&quot;: false,
  &quot;mobile&quot;: false,
  &quot;windows&quot;: false,
  &quot;testng&quot;: false
}</property>
</record>
<record>
  <date>2026-05-13T09:25:04.970048200Z</date>
  <millis>1778664304970</millis>
  <nanos>48200</nanos>
  <sequence>560</sequence>
  <level>START</level>
  <class>com.kms.katalon.core.logging.XmlKeywordLogger</class>
  <method>startTest</method>
  <thread>1</thread>
  <message>Start Test Case : Test Cases/Web/TC-02-Login_Invalid</message>
  <nestedLevel>1</nestedLevel>
  <escapedJava>false</escapedJava>
  <property name="name">Test Cases/Web/TC-02-Login_Invalid</property>
  <property name="description"></property>
  <property name="iteration"></property>
  <property name="id">Test Cases/Web/TC-02-Login_Invalid</property>
  <property name="source">C:\Users\AVOWS\git\Katalon-Testing-web-automation\Test Cases\Web\TC-02-Login_Invalid.tc</property>
  <property name="tag"></property>
  <property name="isOptional">false</property>
</record>
<record>
  <date>2026-05-13T09:25:05.103617400Z</date>
  <millis>1778664305103</millis>
  <nanos>617400</nanos>
  <sequence>562</sequence>
  <level>START</level>
  <class>com.kms.katalon.core.logging.XmlKeywordLogger</class>
  <method>startKeyword</method>
  <thread>1</thread>
  <message>Start action : openBrowser(&amp;quot;https://parabank.parasoft.com&amp;quot;)</message>
  <nestedLevel>1</nestedLevel>
  <escapedJava>false</escapedJava>
  <property name="startLine">20</property>
  <property name="stepIndex">1</property>
</record>
<record>
  <date>2026-05-13T09:25:05.107603900Z</date>
  <millis>1778664305107</millis>
  <nanos>603900</nanos>
  <sequence>564</sequence>
  <level>INFO</level>
  <class>com.kms.katalon.core.logging.XmlKeywordLogger</class>
  <method>logMessage</method>
  <thread>1</thread>
  <message>Starting &amp;apos;Chrome&amp;apos; driver</message>
  <nestedLevel>1</nestedLevel>
  <escapedJava>false</escapedJava>
</record>
<record>
  <date>2026-05-13T09:25:05.108606500Z</date>
  <millis>1778664305108</millis>
  <nanos>606500</nanos>
  <sequence>565</sequence>
  <level>INFO</level>
  <class>com.kms.katalon.core.logging.XmlKeywordLogger</class>
  <method>logMessage</method>
  <thread>1</thread>
  <message>Action delay is set to 0 milliseconds</message>
  <nestedLevel>1</nestedLevel>
  <escapedJava>false</escapedJava>
</record>
<record>
  <date>2026-05-13T09:25:07.260291Z</date>
  <millis>1778664307260</millis>
  <nanos>291000</nanos>
  <sequence>568</sequence>
  <level>RUN_DATA</level>
  <class>com.kms.katalon.core.logging.XmlKeywordLogger</class>
  <method>logMessage</method>
  <thread>1</thread>
  <message>sessionId = b36d18bca81e992c4d93f5aa887dd23e</message>
  <nestedLevel>1</nestedLevel>
  <escapedJava>false</escapedJava>
  <property name="sessionId">b36d18bca81e992c4d93f5aa887dd23e</property>
</record>
<record>
  <date>2026-05-13T09:25:07.261833700Z</date>
  <millis>1778664307261</millis>
  <nanos>833700</nanos>
  <sequence>569</sequence>
  <level>RUN_DATA</level>
  <class>com.kms.katalon.core.logging.XmlKeywordLogger</class>
  <method>logMessage</method>
  <thread>1</thread>
  <message>browser = Chrome 147.0.7727.138</message>
  <nestedLevel>1</nestedLevel>
  <escapedJava>false</escapedJava>
  <property name="browser">Chrome 147.0.7727.138</property>
</record>
<record>
  <date>2026-05-13T09:25:07.263320100Z</date>
  <millis>1778664307263</millis>
  <nanos>320100</nanos>
  <sequence>570</sequence>
  <level>RUN_DATA</level>
  <class>com.kms.katalon.core.logging.XmlKeywordLogger</class>
  <method>logMessage</method>
  <thread>1</thread>
  <message>platform = Windows 10</message>
  <nestedLevel>1</nestedLevel>
  <escapedJava>false</escapedJava>
  <property name="platform">Windows 10</property>
</record>
<record>
  <date>2026-05-13T09:25:07.264329400Z</date>
  <millis>1778664307264</millis>
  <nanos>329400</nanos>
  <sequence>571</sequence>
  <level>RUN_DATA</level>
  <class>com.kms.katalon.core.logging.XmlKeywordLogger</class>
  <method>logMessage</method>
  <thread>1</thread>
  <message>seleniumVersion = 4.28.1</message>
  <nestedLevel>1</nestedLevel>
  <escapedJava>false</escapedJava>
  <property name="seleniumVersion">4.28.1</property>
</record>
<record>
  <date>2026-05-13T09:25:07.265939Z</date>
  <millis>1778664307265</millis>
  <nanos>939000</nanos>
  <sequence>572</sequence>
  <level>RUN_DATA</level>
  <class>com.kms.katalon.core.logging.XmlKeywordLogger</class>
  <method>logMessage</method>
  <thread>1</thread>
  <message>proxyInformation = ProxyInformation { proxyOption=NO_PROXY, proxyServerType=HTTP, username=, password=********, proxyServerAddress=, proxyServerPort=0, executionList=&amp;quot;&amp;quot;, isApplyToDesiredCapabilities=true }</message>
  <nestedLevel>1</nestedLevel>
  <escapedJava>false</escapedJava>
  <property name="proxyInformation">ProxyInformation { proxyOption=NO_PROXY, proxyServerType=HTTP, username=, password=********, proxyServerAddress=, proxyServerPort=0, executionList=&quot;&quot;, isApplyToDesiredCapabilities=true }</property>
</record>
<record>
  <date>2026-05-13T09:25:08.810506600Z</date>
  <millis>1778664308810</millis>
  <nanos>506600</nanos>
  <sequence>574</sequence>
  <level>PASSED</level>
  <class>com.kms.katalon.core.logging.XmlKeywordLogger</class>
  <method>logMessage</method>
  <thread>1</thread>
  <message>Browser is opened with url: &amp;apos;https://parabank.parasoft.com&amp;apos;</message>
  <nestedLevel>1</nestedLevel>
  <escapedJava>false</escapedJava>
  <property name="testops-method-name">com.kms.katalon.core.webui.keyword.builtin.OpenBrowserKeyword.openBrowser</property>
  <property name="testops-execution-stacktrace"></property>
</record>
<record>
  <date>2026-05-13T09:25:08.814789900Z</date>
  <millis>1778664308814</millis>
  <nanos>789900</nanos>
  <sequence>575</sequence>
  <level>END</level>
  <class>com.kms.katalon.core.logging.XmlKeywordLogger</class>
  <method>endKeyword</method>
  <thread>1</thread>
  <message>End action : openBrowser(&amp;quot;https://parabank.parasoft.com&amp;quot;)</message>
  <nestedLevel>1</nestedLevel>
  <escapedJava>false</escapedJava>
</record>
<record>
  <date>2026-05-13T09:25:08.816246700Z</date>
  <millis>1778664308816</millis>
  <nanos>246700</nanos>
  <sequence>576</sequence>
  <level>START</level>
  <class>com.kms.katalon.core.logging.XmlKeywordLogger</class>
  <method>startKeyword</method>
  <thread>1</thread>
  <message>Start action : setText(findTestObject(&amp;quot;Web/Login/txt_username&amp;quot;), &amp;quot;john&amp;quot;)</message>
  <nestedLevel>1</nestedLevel>
  <escapedJava>false</escapedJava>
  <property name="startLine">22</property>
  <property name="stepIndex">2</property>
</record>
<record>
  <date>2026-05-13T09:25:09.618207400Z</date>
  <millis>1778664309618</millis>
  <nanos>207400</nanos>
  <sequence>592</sequence>
  <level>PASSED</level>
  <class>com.kms.katalon.core.logging.XmlKeywordLogger</class>
  <method>logMessage</method>
  <thread>1</thread>
  <message>Text &amp;apos;john&amp;apos; is set on object &amp;apos;Object Repository/Web/Login/txt_username&amp;apos;</message>
  <nestedLevel>1</nestedLevel>
  <escapedJava>false</escapedJava>
  <property name="testops-method-name">com.kms.katalon.core.webui.keyword.builtin.SetTextKeyword.setText</property>
  <property name="testops-execution-stacktrace"></property>
</record>
<record>
  <date>2026-05-13T09:25:09.621738400Z</date>
  <millis>1778664309621</millis>
  <nanos>738400</nanos>
  <sequence>593</sequence>
  <level>END</level>
  <class>com.kms.katalon.core.logging.XmlKeywordLogger</class>
  <method>endKeyword</method>
  <thread>1</thread>
  <message>End action : setText(findTestObject(&amp;quot;Web/Login/txt_username&amp;quot;), &amp;quot;john&amp;quot;)</message>
  <nestedLevel>1</nestedLevel>
  <escapedJava>false</escapedJava>
</record>
<record>
  <date>2026-05-13T09:25:09.622805500Z</date>
  <millis>1778664309622</millis>
  <nanos>805500</nanos>
  <sequence>594</sequence>
  <level>START</level>
  <class>com.kms.katalon.core.logging.XmlKeywordLogger</class>
  <method>startKeyword</method>
  <thread>1</thread>
  <message>Start action : setText(findTestObject(&amp;quot;Web/Login/txt_password&amp;quot;), &amp;quot;demo1&amp;quot;)</message>
  <nestedLevel>1</nestedLevel>
  <escapedJava>false</escapedJava>
  <property name="startLine">23</property>
  <property name="stepIndex">3</property>
</record>
<record>
  <date>2026-05-13T09:25:10.247367400Z</date>
  <millis>1778664310247</millis>
  <nanos>367400</nanos>
  <sequence>610</sequence>
  <level>PASSED</level>
  <class>com.kms.katalon.core.logging.XmlKeywordLogger</class>
  <method>logMessage</method>
  <thread>1</thread>
  <message>Text &amp;apos;demo1&amp;apos; is set on object &amp;apos;Object Repository/Web/Login/txt_password&amp;apos;</message>
  <nestedLevel>1</nestedLevel>
  <escapedJava>false</escapedJava>
  <property name="testops-method-name">com.kms.katalon.core.webui.keyword.builtin.SetTextKeyword.setText</property>
  <property name="testops-execution-stacktrace"></property>
</record>
<record>
  <date>2026-05-13T09:25:10.248363300Z</date>
  <millis>1778664310248</millis>
  <nanos>363300</nanos>
  <sequence>611</sequence>
  <level>END</level>
  <class>com.kms.katalon.core.logging.XmlKeywordLogger</class>
  <method>endKeyword</method>
  <thread>1</thread>
  <message>End action : setText(findTestObject(&amp;quot;Web/Login/txt_password&amp;quot;), &amp;quot;demo1&amp;quot;)</message>
  <nestedLevel>1</nestedLevel>
  <escapedJava>false</escapedJava>
</record>
<record>
  <date>2026-05-13T09:25:10.249357400Z</date>
  <millis>1778664310249</millis>
  <nanos>357400</nanos>
  <sequence>612</sequence>
  <level>START</level>
  <class>com.kms.katalon.core.logging.XmlKeywordLogger</class>
  <method>startKeyword</method>
  <thread>1</thread>
  <message>Start action : click(findTestObject(&amp;quot;Web/Login/btn_login&amp;quot;))</message>
  <nestedLevel>1</nestedLevel>
  <escapedJava>false</escapedJava>
  <property name="startLine">24</property>
  <property name="stepIndex">4</property>
</record>
<record>
  <date>2026-05-13T09:25:10.885109500Z</date>
  <millis>1778664310885</millis>
  <nanos>109500</nanos>
  <sequence>622</sequence>
  <level>PASSED</level>
  <class>com.kms.katalon.core.logging.XmlKeywordLogger</class>
  <method>logMessage</method>
  <thread>1</thread>
  <message>Object: &amp;apos;Object Repository/Web/Login/btn_login&amp;apos; is clicked on</message>
  <nestedLevel>1</nestedLevel>
  <escapedJava>false</escapedJava>
  <property name="testops-method-name">com.kms.katalon.core.webui.keyword.builtin.ClickKeyword.click</property>
  <property name="testops-execution-stacktrace"></property>
</record>
<record>
  <date>2026-05-13T09:25:10.887268200Z</date>
  <millis>1778664310887</millis>
  <nanos>268200</nanos>
  <sequence>623</sequence>
  <level>END</level>
  <class>com.kms.katalon.core.logging.XmlKeywordLogger</class>
  <method>endKeyword</method>
  <thread>1</thread>
  <message>End action : click(findTestObject(&amp;quot;Web/Login/btn_login&amp;quot;))</message>
  <nestedLevel>1</nestedLevel>
  <escapedJava>false</escapedJava>
</record>
<record>
  <date>2026-05-13T09:25:10.888696900Z</date>
  <millis>1778664310888</millis>
  <nanos>696900</nanos>
  <sequence>624</sequence>
  <level>START</level>
  <class>com.kms.katalon.core.logging.XmlKeywordLogger</class>
  <method>startKeyword</method>
  <thread>1</thread>
  <message>Start action : waitForElementPresent(findTestObject(&amp;quot;Web/Login/lbl_faillogin&amp;quot;), 5)</message>
  <nestedLevel>1</nestedLevel>
  <escapedJava>false</escapedJava>
  <property name="startLine">26</property>
  <property name="stepIndex">5</property>
</record>
<record>
  <date>2026-05-13T09:25:11.419688800Z</date>
  <millis>1778664311419</millis>
  <nanos>688800</nanos>
  <sequence>632</sequence>
  <level>PASSED</level>
  <class>com.kms.katalon.core.logging.XmlKeywordLogger</class>
  <method>logMessage</method>
  <thread>1</thread>
  <message>Object &amp;apos;Object Repository/Web/Login/lbl_faillogin&amp;apos; is present</message>
  <nestedLevel>1</nestedLevel>
  <escapedJava>false</escapedJava>
  <property name="testops-method-name">com.kms.katalon.core.webui.keyword.builtin.WaitForElementPresentKeyword.waitForElementPresent</property>
  <property name="testops-execution-stacktrace"></property>
</record>
<record>
  <date>2026-05-13T09:25:11.423672800Z</date>
  <millis>1778664311423</millis>
  <nanos>672800</nanos>
  <sequence>633</sequence>
  <level>END</level>
  <class>com.kms.katalon.core.logging.XmlKeywordLogger</class>
  <method>endKeyword</method>
  <thread>1</thread>
  <message>End action : waitForElementPresent(findTestObject(&amp;quot;Web/Login/lbl_faillogin&amp;quot;), 5)</message>
  <nestedLevel>1</nestedLevel>
  <escapedJava>false</escapedJava>
</record>
<record>
  <date>2026-05-13T09:25:11.423672800Z</date>
  <millis>1778664311423</millis>
  <nanos>672800</nanos>
  <sequence>634</sequence>
  <level>START</level>
  <class>com.kms.katalon.core.logging.XmlKeywordLogger</class>
  <method>startKeyword</method>
  <thread>1</thread>
  <message>Start action : verifyElementVisible(findTestObject(&amp;quot;Web/Login/lbl_faillogin&amp;quot;))</message>
  <nestedLevel>1</nestedLevel>
  <escapedJava>false</escapedJava>
  <property name="startLine">27</property>
  <property name="stepIndex">6</property>
</record>
<record>
  <date>2026-05-13T09:25:11.702340200Z</date>
  <millis>1778664311702</millis>
  <nanos>340200</nanos>
  <sequence>642</sequence>
  <level>PASSED</level>
  <class>com.kms.katalon.core.logging.XmlKeywordLogger</class>
  <method>logMessage</method>
  <thread>1</thread>
  <message>Object &amp;apos;Object Repository/Web/Login/lbl_faillogin&amp;apos; is visible</message>
  <nestedLevel>1</nestedLevel>
  <escapedJava>false</escapedJava>
  <property name="testops-is-assertion">true</property>
  <property name="testops-method-name">com.kms.katalon.core.webui.keyword.builtin.VerifyElementVisibleKeyword.verifyElementVisible</property>
  <property name="testops-execution-stacktrace"></property>
</record>
<record>
  <date>2026-05-13T09:25:11.704414200Z</date>
  <millis>1778664311704</millis>
  <nanos>414200</nanos>
  <sequence>643</sequence>
  <level>END</level>
  <class>com.kms.katalon.core.logging.XmlKeywordLogger</class>
  <method>endKeyword</method>
  <thread>1</thread>
  <message>End action : verifyElementVisible(findTestObject(&amp;quot;Web/Login/lbl_faillogin&amp;quot;))</message>
  <nestedLevel>1</nestedLevel>
  <escapedJava>false</escapedJava>
</record>
<record>
  <date>2026-05-13T09:25:11.705395700Z</date>
  <millis>1778664311705</millis>
  <nanos>395700</nanos>
  <sequence>644</sequence>
  <level>START</level>
  <class>com.kms.katalon.core.logging.XmlKeywordLogger</class>
  <method>startKeyword</method>
  <thread>1</thread>
  <message>Start action : verifyElementText(findTestObject(&amp;quot;Web/Login/lbl_faillogin&amp;quot;), &amp;quot;The username and password could not be verified.&amp;quot;)</message>
  <nestedLevel>1</nestedLevel>
  <escapedJava>false</escapedJava>
  <property name="startLine">28</property>
  <property name="stepIndex">7</property>
</record>
<record>
  <date>2026-05-13T09:25:11.989036600Z</date>
  <millis>1778664311989</millis>
  <nanos>36600</nanos>
  <sequence>652</sequence>
  <level>PASSED</level>
  <class>com.kms.katalon.core.logging.XmlKeywordLogger</class>
  <method>logMessage</method>
  <thread>1</thread>
  <message>Actual text and expected text of test object &amp;apos;Object Repository/Web/Login/lbl_faillogin&amp;apos; are matched.</message>
  <nestedLevel>1</nestedLevel>
  <escapedJava>false</escapedJava>
  <property name="testops-is-assertion">true</property>
  <property name="testops-method-name">com.kms.katalon.core.webui.keyword.builtin.VerifyElementTextKeyword.verifyElementText</property>
  <property name="testops-execution-stacktrace"></property>
</record>
<record>
  <date>2026-05-13T09:25:11.990054100Z</date>
  <millis>1778664311990</millis>
  <nanos>54100</nanos>
  <sequence>653</sequence>
  <level>END</level>
  <class>com.kms.katalon.core.logging.XmlKeywordLogger</class>
  <method>endKeyword</method>
  <thread>1</thread>
  <message>End action : verifyElementText(findTestObject(&amp;quot;Web/Login/lbl_faillogin&amp;quot;), &amp;quot;The username and password could not be verified.&amp;quot;)</message>
  <nestedLevel>1</nestedLevel>
  <escapedJava>false</escapedJava>
</record>
<record>
  <date>2026-05-13T09:25:11.990994400Z</date>
  <millis>1778664311990</millis>
  <nanos>994400</nanos>
  <sequence>654</sequence>
  <level>START</level>
  <class>com.kms.katalon.core.logging.XmlKeywordLogger</class>
  <method>startKeyword</method>
  <thread>1</thread>
  <message>Start action : currentUrl = getUrl()</message>
  <nestedLevel>1</nestedLevel>
  <escapedJava>false</escapedJava>
  <property name="startLine">30</property>
  <property name="stepIndex">8</property>
</record>
<record>
  <date>2026-05-13T09:25:12.013591400Z</date>
  <millis>1778664312013</millis>
  <nanos>591400</nanos>
  <sequence>656</sequence>
  <level>PASSED</level>
  <class>com.kms.katalon.core.logging.XmlKeywordLogger</class>
  <method>logMessage</method>
  <thread>1</thread>
  <message>Current window&amp;apos;s url is: &amp;apos;https://parabank.parasoft.com/parabank/login.htm&amp;apos;</message>
  <nestedLevel>1</nestedLevel>
  <escapedJava>false</escapedJava>
  <property name="testops-method-name">com.kms.katalon.core.webui.keyword.builtin.GetUrlKeyword.getUrl</property>
  <property name="testops-execution-stacktrace"></property>
</record>
<record>
  <date>2026-05-13T09:25:12.014587700Z</date>
  <millis>1778664312014</millis>
  <nanos>587700</nanos>
  <sequence>657</sequence>
  <level>END</level>
  <class>com.kms.katalon.core.logging.XmlKeywordLogger</class>
  <method>endKeyword</method>
  <thread>1</thread>
  <message>End action : currentUrl = getUrl()</message>
  <nestedLevel>1</nestedLevel>
  <escapedJava>false</escapedJava>
</record>
<record>
  <date>2026-05-13T09:25:12.015592500Z</date>
  <millis>1778664312015</millis>
  <nanos>592500</nanos>
  <sequence>658</sequence>
  <level>START</level>
  <class>com.kms.katalon.core.logging.XmlKeywordLogger</class>
  <method>startKeyword</method>
  <thread>1</thread>
  <message>Start action : assert currentUrl.contains(&amp;quot;login&amp;quot;) : &amp;quot;Tetap dihalaman login!&amp;quot;</message>
  <nestedLevel>1</nestedLevel>
  <escapedJava>false</escapedJava>
  <property name="startLine">31</property>
  <property name="stepIndex">9</property>
</record>
<record>
  <date>2026-05-13T09:25:12.018797900Z</date>
  <millis>1778664312018</millis>
  <nanos>797900</nanos>
  <sequence>659</sequence>
  <level>END</level>
  <class>com.kms.katalon.core.logging.XmlKeywordLogger</class>
  <method>endKeyword</method>
  <thread>1</thread>
  <message>End action : assert currentUrl.contains(&amp;quot;login&amp;quot;) : &amp;quot;Tetap dihalaman login!&amp;quot;</message>
  <nestedLevel>1</nestedLevel>
  <escapedJava>false</escapedJava>
</record>
<record>
  <date>2026-05-13T09:25:12.018797900Z</date>
  <millis>1778664312018</millis>
  <nanos>797900</nanos>
  <sequence>660</sequence>
  <level>START</level>
  <class>com.kms.katalon.core.logging.XmlKeywordLogger</class>
  <method>startKeyword</method>
  <thread>1</thread>
  <message>Start action : takeScreenshot(screenshotPath + &amp;quot;TC-02-Login Invalid.png&amp;quot;)</message>
  <nestedLevel>1</nestedLevel>
  <escapedJava>false</escapedJava>
  <property name="startLine">32</property>
  <property name="stepIndex">10</property>
</record>
<record>
  <date>2026-05-13T09:25:12.373060Z</date>
  <millis>1778664312373</millis>
  <nanos>60000</nanos>
  <sequence>662</sequence>
  <level>PASSED</level>
  <class>com.kms.katalon.core.logging.XmlKeywordLogger</class>
  <method>logMessage</method>
  <thread>1</thread>
  <message>Taking screenshot successfully</message>
  <nestedLevel>1</nestedLevel>
  <escapedJava>false</escapedJava>
  <property name="attachment">C:\Users\AVOWS\git\Katalon-Testing-web-automation\screenshot\TC-02-Login Invalid.png</property>
  <property name="testops-method-name">com.kms.katalon.core.webui.keyword.builtin.TakeScreenshotKeyword.takeScreenshot</property>
  <property name="testops-execution-stacktrace"></property>
</record>
<record>
  <date>2026-05-13T09:25:12.375049100Z</date>
  <millis>1778664312375</millis>
  <nanos>49100</nanos>
  <sequence>663</sequence>
  <level>END</level>
  <class>com.kms.katalon.core.logging.XmlKeywordLogger</class>
  <method>endKeyword</method>
  <thread>1</thread>
  <message>End action : takeScreenshot(screenshotPath + &amp;quot;TC-02-Login Invalid.png&amp;quot;)</message>
  <nestedLevel>1</nestedLevel>
  <escapedJava>false</escapedJava>
</record>
<record>
  <date>2026-05-13T09:25:12.375350800Z</date>
  <millis>1778664312375</millis>
  <nanos>350800</nanos>
  <sequence>664</sequence>
  <level>START</level>
  <class>com.kms.katalon.core.logging.XmlKeywordLogger</class>
  <method>startKeyword</method>
  <thread>1</thread>
  <message>Start action : closeBrowser()</message>
  <nestedLevel>1</nestedLevel>
  <escapedJava>false</escapedJava>
  <property name="startLine">34</property>
  <property name="stepIndex">11</property>
</record>
<record>
  <date>2026-05-13T09:25:12.673640200Z</date>
  <millis>1778664312673</millis>
  <nanos>640200</nanos>
  <sequence>666</sequence>
  <level>PASSED</level>
  <class>com.kms.katalon.core.logging.XmlKeywordLogger</class>
  <method>logMessage</method>
  <thread>1</thread>
  <message>Browser is closed</message>
  <nestedLevel>1</nestedLevel>
  <escapedJava>false</escapedJava>
  <property name="testops-method-name">com.kms.katalon.core.webui.keyword.builtin.CloseBrowserKeyword.closeBrowser</property>
  <property name="testops-execution-stacktrace"></property>
</record>
<record>
  <date>2026-05-13T09:25:12.674754Z</date>
  <millis>1778664312674</millis>
  <nanos>754000</nanos>
  <sequence>667</sequence>
  <level>END</level>
  <class>com.kms.katalon.core.logging.XmlKeywordLogger</class>
  <method>endKeyword</method>
  <thread>1</thread>
  <message>End action : closeBrowser()</message>
  <nestedLevel>1</nestedLevel>
  <escapedJava>false</escapedJava>
</record>
<record>
  <date>2026-05-13T09:25:12.675695200Z</date>
  <millis>1778664312675</millis>
  <nanos>695200</nanos>
  <sequence>668</sequence>
  <level>START</level>
  <class>com.kms.katalon.core.logging.XmlKeywordLogger</class>
  <method>startKeyword</method>
  <thread>1</thread>
  <message>Start action : println(&amp;quot;TC-02-Login_Invalid Pass - Login Invalid berhasil!&amp;quot;)</message>
  <nestedLevel>1</nestedLevel>
  <escapedJava>false</escapedJava>
  <property name="startLine">35</property>
  <property name="stepIndex">12</property>
</record>
<record>
  <date>2026-05-13T09:25:12.677683700Z</date>
  <millis>1778664312677</millis>
  <nanos>683700</nanos>
  <sequence>669</sequence>
  <level>END</level>
  <class>com.kms.katalon.core.logging.XmlKeywordLogger</class>
  <method>endKeyword</method>
  <thread>1</thread>
  <message>End action : println(&amp;quot;TC-02-Login_Invalid Pass - Login Invalid berhasil!&amp;quot;)</message>
  <nestedLevel>1</nestedLevel>
  <escapedJava>false</escapedJava>
</record>
<record>
  <date>2026-05-13T09:25:12.678680700Z</date>
  <millis>1778664312678</millis>
  <nanos>680700</nanos>
  <sequence>670</sequence>
  <level>PASSED</level>
  <class>com.kms.katalon.core.logging.XmlKeywordLogger</class>
  <method>logMessage</method>
  <thread>1</thread>
  <message>Test Cases/Web/TC-02-Login_Invalid</message>
  <nestedLevel>1</nestedLevel>
  <escapedJava>false</escapedJava>
</record>
<record>
  <date>2026-05-13T09:25:12.679677300Z</date>
  <millis>1778664312679</millis>
  <nanos>677300</nanos>
  <sequence>671</sequence>
  <level>END</level>
  <class>com.kms.katalon.core.logging.XmlKeywordLogger</class>
  <method>endTest</method>
  <thread>1</thread>
  <message>End Test Case : Test Cases/Web/TC-02-Login_Invalid</message>
  <nestedLevel>0</nestedLevel>
  <escapedJava>false</escapedJava>
  <property name="executionBindingVariables">[]</property>
  <property name="applitools">false</property>
  <property name="keywordsUsage">{
  &quot;web_ui&quot;: true,
  &quot;web_service&quot;: false,
  &quot;cucumber&quot;: false,
  &quot;builtin&quot;: false,
  &quot;mobile&quot;: false,
  &quot;windows&quot;: false,
  &quot;testng&quot;: false
}</property>
</record>
<record>
  <date>2026-05-13T09:25:12.684661700Z</date>
  <millis>1778664312684</millis>
  <nanos>661700</nanos>
  <sequence>672</sequence>
  <level>START</level>
  <class>com.kms.katalon.core.logging.XmlKeywordLogger</class>
  <method>startTest</method>
  <thread>1</thread>
  <message>Start Test Case : Test Cases/Web/TC-01-Login_Valid</message>
  <nestedLevel>1</nestedLevel>
  <escapedJava>false</escapedJava>
  <property name="name">Test Cases/Web/TC-01-Login_Valid</property>
  <property name="description"></property>
  <property name="iteration"></property>
  <property name="id">Test Cases/Web/TC-01-Login_Valid</property>
  <property name="source">C:\Users\AVOWS\git\Katalon-Testing-web-automation\Test Cases\Web\TC-01-Login_Valid.tc</property>
  <property name="tag"></property>
  <property name="isOptional">false</property>
</record>
<record>
  <date>2026-05-13T09:25:12.807177200Z</date>
  <millis>1778664312807</millis>
  <nanos>177200</nanos>
  <sequence>674</sequence>
  <level>START</level>
  <class>com.kms.katalon.core.logging.XmlKeywordLogger</class>
  <method>startKeyword</method>
  <thread>1</thread>
  <message>Start action : openBrowser(&amp;quot;https://parabank.parasoft.com&amp;quot;)</message>
  <nestedLevel>1</nestedLevel>
  <escapedJava>false</escapedJava>
  <property name="startLine">20</property>
  <property name="stepIndex">1</property>
</record>
<record>
  <date>2026-05-13T09:25:12.810372500Z</date>
  <millis>1778664312810</millis>
  <nanos>372500</nanos>
  <sequence>676</sequence>
  <level>INFO</level>
  <class>com.kms.katalon.core.logging.XmlKeywordLogger</class>
  <method>logMessage</method>
  <thread>1</thread>
  <message>Starting &amp;apos;Chrome&amp;apos; driver</message>
  <nestedLevel>1</nestedLevel>
  <escapedJava>false</escapedJava>
</record>
<record>
  <date>2026-05-13T09:25:12.811368500Z</date>
  <millis>1778664312811</millis>
  <nanos>368500</nanos>
  <sequence>677</sequence>
  <level>INFO</level>
  <class>com.kms.katalon.core.logging.XmlKeywordLogger</class>
  <method>logMessage</method>
  <thread>1</thread>
  <message>Action delay is set to 0 milliseconds</message>
  <nestedLevel>1</nestedLevel>
  <escapedJava>false</escapedJava>
</record>
<record>
  <date>2026-05-13T09:25:15.129133Z</date>
  <millis>1778664315129</millis>
  <nanos>133000</nanos>
  <sequence>680</sequence>
  <level>RUN_DATA</level>
  <class>com.kms.katalon.core.logging.XmlKeywordLogger</class>
  <method>logMessage</method>
  <thread>1</thread>
  <message>sessionId = 39de9e955279fc470d61eee80193c0d6</message>
  <nestedLevel>1</nestedLevel>
  <escapedJava>false</escapedJava>
  <property name="sessionId">39de9e955279fc470d61eee80193c0d6</property>
</record>
<record>
  <date>2026-05-13T09:25:15.130784400Z</date>
  <millis>1778664315130</millis>
  <nanos>784400</nanos>
  <sequence>681</sequence>
  <level>RUN_DATA</level>
  <class>com.kms.katalon.core.logging.XmlKeywordLogger</class>
  <method>logMessage</method>
  <thread>1</thread>
  <message>browser = Chrome 147.0.7727.138</message>
  <nestedLevel>1</nestedLevel>
  <escapedJava>false</escapedJava>
  <property name="browser">Chrome 147.0.7727.138</property>
</record>
<record>
  <date>2026-05-13T09:25:15.131840100Z</date>
  <millis>1778664315131</millis>
  <nanos>840100</nanos>
  <sequence>682</sequence>
  <level>RUN_DATA</level>
  <class>com.kms.katalon.core.logging.XmlKeywordLogger</class>
  <method>logMessage</method>
  <thread>1</thread>
  <message>platform = Windows 10</message>
  <nestedLevel>1</nestedLevel>
  <escapedJava>false</escapedJava>
  <property name="platform">Windows 10</property>
</record>
<record>
  <date>2026-05-13T09:25:15.134115800Z</date>
  <millis>1778664315134</millis>
  <nanos>115800</nanos>
  <sequence>683</sequence>
  <level>RUN_DATA</level>
  <class>com.kms.katalon.core.logging.XmlKeywordLogger</class>
  <method>logMessage</method>
  <thread>1</thread>
  <message>seleniumVersion = 4.28.1</message>
  <nestedLevel>1</nestedLevel>
  <escapedJava>false</escapedJava>
  <property name="seleniumVersion">4.28.1</property>
</record>
<record>
  <date>2026-05-13T09:25:15.136242200Z</date>
  <millis>1778664315136</millis>
  <nanos>242200</nanos>
  <sequence>684</sequence>
  <level>RUN_DATA</level>
  <class>com.kms.katalon.core.logging.XmlKeywordLogger</class>
  <method>logMessage</method>
  <thread>1</thread>
  <message>proxyInformation = ProxyInformation { proxyOption=NO_PROXY, proxyServerType=HTTP, username=, password=********, proxyServerAddress=, proxyServerPort=0, executionList=&amp;quot;&amp;quot;, isApplyToDesiredCapabilities=true }</message>
  <nestedLevel>1</nestedLevel>
  <escapedJava>false</escapedJava>
  <property name="proxyInformation">ProxyInformation { proxyOption=NO_PROXY, proxyServerType=HTTP, username=, password=********, proxyServerAddress=, proxyServerPort=0, executionList=&quot;&quot;, isApplyToDesiredCapabilities=true }</property>
</record>
<record>
  <date>2026-05-13T09:25:16.672253700Z</date>
  <millis>1778664316672</millis>
  <nanos>253700</nanos>
  <sequence>686</sequence>
  <level>PASSED</level>
  <class>com.kms.katalon.core.logging.XmlKeywordLogger</class>
  <method>logMessage</method>
  <thread>1</thread>
  <message>Browser is opened with url: &amp;apos;https://parabank.parasoft.com&amp;apos;</message>
  <nestedLevel>1</nestedLevel>
  <escapedJava>false</escapedJava>
  <property name="testops-method-name">com.kms.katalon.core.webui.keyword.builtin.OpenBrowserKeyword.openBrowser</property>
  <property name="testops-execution-stacktrace"></property>
</record>
<record>
  <date>2026-05-13T09:25:16.679235400Z</date>
  <millis>1778664316679</millis>
  <nanos>235400</nanos>
  <sequence>687</sequence>
  <level>END</level>
  <class>com.kms.katalon.core.logging.XmlKeywordLogger</class>
  <method>endKeyword</method>
  <thread>1</thread>
  <message>End action : openBrowser(&amp;quot;https://parabank.parasoft.com&amp;quot;)</message>
  <nestedLevel>1</nestedLevel>
  <escapedJava>false</escapedJava>
</record>
<record>
  <date>2026-05-13T09:25:16.679731600Z</date>
  <millis>1778664316679</millis>
  <nanos>731600</nanos>
  <sequence>688</sequence>
  <level>START</level>
  <class>com.kms.katalon.core.logging.XmlKeywordLogger</class>
  <method>startKeyword</method>
  <thread>1</thread>
  <message>Start action : setText(findTestObject(&amp;quot;Web/Login/txt_username&amp;quot;), &amp;quot;Haryadi01&amp;quot;)</message>
  <nestedLevel>1</nestedLevel>
  <escapedJava>false</escapedJava>
  <property name="startLine">22</property>
  <property name="stepIndex">2</property>
</record>
<record>
  <date>2026-05-13T09:25:17.451852Z</date>
  <millis>1778664317451</millis>
  <nanos>852000</nanos>
  <sequence>704</sequence>
  <level>PASSED</level>
  <class>com.kms.katalon.core.logging.XmlKeywordLogger</class>
  <method>logMessage</method>
  <thread>1</thread>
  <message>Text &amp;apos;Haryadi01&amp;apos; is set on object &amp;apos;Object Repository/Web/Login/txt_username&amp;apos;</message>
  <nestedLevel>1</nestedLevel>
  <escapedJava>false</escapedJava>
  <property name="testops-method-name">com.kms.katalon.core.webui.keyword.builtin.SetTextKeyword.setText</property>
  <property name="testops-execution-stacktrace"></property>
</record>
<record>
  <date>2026-05-13T09:25:17.454839400Z</date>
  <millis>1778664317454</millis>
  <nanos>839400</nanos>
  <sequence>705</sequence>
  <level>END</level>
  <class>com.kms.katalon.core.logging.XmlKeywordLogger</class>
  <method>endKeyword</method>
  <thread>1</thread>
  <message>End action : setText(findTestObject(&amp;quot;Web/Login/txt_username&amp;quot;), &amp;quot;Haryadi01&amp;quot;)</message>
  <nestedLevel>1</nestedLevel>
  <escapedJava>false</escapedJava>
</record>
<record>
  <date>2026-05-13T09:25:17.455712300Z</date>
  <millis>1778664317455</millis>
  <nanos>712300</nanos>
  <sequence>706</sequence>
  <level>START</level>
  <class>com.kms.katalon.core.logging.XmlKeywordLogger</class>
  <method>startKeyword</method>
  <thread>1</thread>
  <message>Start action : setText(findTestObject(&amp;quot;Web/Login/txt_password&amp;quot;), &amp;quot;qwerty123&amp;quot;)</message>
  <nestedLevel>1</nestedLevel>
  <escapedJava>false</escapedJava>
  <property name="startLine">23</property>
  <property name="stepIndex">3</property>
</record>
<record>
  <date>2026-05-13T09:25:18.072503500Z</date>
  <millis>1778664318072</millis>
  <nanos>503500</nanos>
  <sequence>722</sequence>
  <level>PASSED</level>
  <class>com.kms.katalon.core.logging.XmlKeywordLogger</class>
  <method>logMessage</method>
  <thread>1</thread>
  <message>Text &amp;apos;qwerty123&amp;apos; is set on object &amp;apos;Object Repository/Web/Login/txt_password&amp;apos;</message>
  <nestedLevel>1</nestedLevel>
  <escapedJava>false</escapedJava>
  <property name="testops-method-name">com.kms.katalon.core.webui.keyword.builtin.SetTextKeyword.setText</property>
  <property name="testops-execution-stacktrace"></property>
</record>
<record>
  <date>2026-05-13T09:25:18.073497800Z</date>
  <millis>1778664318073</millis>
  <nanos>497800</nanos>
  <sequence>723</sequence>
  <level>END</level>
  <class>com.kms.katalon.core.logging.XmlKeywordLogger</class>
  <method>endKeyword</method>
  <thread>1</thread>
  <message>End action : setText(findTestObject(&amp;quot;Web/Login/txt_password&amp;quot;), &amp;quot;qwerty123&amp;quot;)</message>
  <nestedLevel>1</nestedLevel>
  <escapedJava>false</escapedJava>
</record>
<record>
  <date>2026-05-13T09:25:18.074498300Z</date>
  <millis>1778664318074</millis>
  <nanos>498300</nanos>
  <sequence>724</sequence>
  <level>START</level>
  <class>com.kms.katalon.core.logging.XmlKeywordLogger</class>
  <method>startKeyword</method>
  <thread>1</thread>
  <message>Start action : click(findTestObject(&amp;quot;Web/Login/btn_login&amp;quot;))</message>
  <nestedLevel>1</nestedLevel>
  <escapedJava>false</escapedJava>
  <property name="startLine">24</property>
  <property name="stepIndex">4</property>
</record>
<record>
  <date>2026-05-13T09:25:19.002001500Z</date>
  <millis>1778664319002</millis>
  <nanos>1500</nanos>
  <sequence>734</sequence>
  <level>PASSED</level>
  <class>com.kms.katalon.core.logging.XmlKeywordLogger</class>
  <method>logMessage</method>
  <thread>1</thread>
  <message>Object: &amp;apos;Object Repository/Web/Login/btn_login&amp;apos; is clicked on</message>
  <nestedLevel>1</nestedLevel>
  <escapedJava>false</escapedJava>
  <property name="testops-method-name">com.kms.katalon.core.webui.keyword.builtin.ClickKeyword.click</property>
  <property name="testops-execution-stacktrace"></property>
</record>
<record>
  <date>2026-05-13T09:25:19.005047100Z</date>
  <millis>1778664319005</millis>
  <nanos>47100</nanos>
  <sequence>735</sequence>
  <level>END</level>
  <class>com.kms.katalon.core.logging.XmlKeywordLogger</class>
  <method>endKeyword</method>
  <thread>1</thread>
  <message>End action : click(findTestObject(&amp;quot;Web/Login/btn_login&amp;quot;))</message>
  <nestedLevel>1</nestedLevel>
  <escapedJava>false</escapedJava>
</record>
<record>
  <date>2026-05-13T09:25:19.006045800Z</date>
  <millis>1778664319006</millis>
  <nanos>45800</nanos>
  <sequence>736</sequence>
  <level>START</level>
  <class>com.kms.katalon.core.logging.XmlKeywordLogger</class>
  <method>startKeyword</method>
  <thread>1</thread>
  <message>Start action : waitForElementPresent(findTestObject(&amp;quot;Web/Home/lbl_accountoverview&amp;quot;), 5)</message>
  <nestedLevel>1</nestedLevel>
  <escapedJava>false</escapedJava>
  <property name="startLine">26</property>
  <property name="stepIndex">5</property>
</record>
<record>
  <date>2026-05-13T09:25:19.715410700Z</date>
  <millis>1778664319715</millis>
  <nanos>410700</nanos>
  <sequence>744</sequence>
  <level>PASSED</level>
  <class>com.kms.katalon.core.logging.XmlKeywordLogger</class>
  <method>logMessage</method>
  <thread>1</thread>
  <message>Object &amp;apos;Object Repository/Web/Home/lbl_accountoverview&amp;apos; is present</message>
  <nestedLevel>1</nestedLevel>
  <escapedJava>false</escapedJava>
  <property name="testops-method-name">com.kms.katalon.core.webui.keyword.builtin.WaitForElementPresentKeyword.waitForElementPresent</property>
  <property name="testops-execution-stacktrace"></property>
</record>
<record>
  <date>2026-05-13T09:25:19.716407Z</date>
  <millis>1778664319716</millis>
  <nanos>407000</nanos>
  <sequence>745</sequence>
  <level>END</level>
  <class>com.kms.katalon.core.logging.XmlKeywordLogger</class>
  <method>endKeyword</method>
  <thread>1</thread>
  <message>End action : waitForElementPresent(findTestObject(&amp;quot;Web/Home/lbl_accountoverview&amp;quot;), 5)</message>
  <nestedLevel>1</nestedLevel>
  <escapedJava>false</escapedJava>
</record>
<record>
  <date>2026-05-13T09:25:19.717592200Z</date>
  <millis>1778664319717</millis>
  <nanos>592200</nanos>
  <sequence>746</sequence>
  <level>START</level>
  <class>com.kms.katalon.core.logging.XmlKeywordLogger</class>
  <method>startKeyword</method>
  <thread>1</thread>
  <message>Start action : verifyElementVisible(findTestObject(&amp;quot;Web/Home/lbl_accountoverview&amp;quot;))</message>
  <nestedLevel>1</nestedLevel>
  <escapedJava>false</escapedJava>
  <property name="startLine">27</property>
  <property name="stepIndex">6</property>
</record>
<record>
  <date>2026-05-13T09:25:20.002140500Z</date>
  <millis>1778664320002</millis>
  <nanos>140500</nanos>
  <sequence>754</sequence>
  <level>PASSED</level>
  <class>com.kms.katalon.core.logging.XmlKeywordLogger</class>
  <method>logMessage</method>
  <thread>1</thread>
  <message>Object &amp;apos;Object Repository/Web/Home/lbl_accountoverview&amp;apos; is visible</message>
  <nestedLevel>1</nestedLevel>
  <escapedJava>false</escapedJava>
  <property name="testops-is-assertion">true</property>
  <property name="testops-method-name">com.kms.katalon.core.webui.keyword.builtin.VerifyElementVisibleKeyword.verifyElementVisible</property>
  <property name="testops-execution-stacktrace"></property>
</record>
<record>
  <date>2026-05-13T09:25:20.003126Z</date>
  <millis>1778664320003</millis>
  <nanos>126000</nanos>
  <sequence>755</sequence>
  <level>END</level>
  <class>com.kms.katalon.core.logging.XmlKeywordLogger</class>
  <method>endKeyword</method>
  <thread>1</thread>
  <message>End action : verifyElementVisible(findTestObject(&amp;quot;Web/Home/lbl_accountoverview&amp;quot;))</message>
  <nestedLevel>1</nestedLevel>
  <escapedJava>false</escapedJava>
</record>
<record>
  <date>2026-05-13T09:25:20.003126Z</date>
  <millis>1778664320003</millis>
  <nanos>126000</nanos>
  <sequence>756</sequence>
  <level>START</level>
  <class>com.kms.katalon.core.logging.XmlKeywordLogger</class>
  <method>startKeyword</method>
  <thread>1</thread>
  <message>Start action : currentUrl = getUrl()</message>
  <nestedLevel>1</nestedLevel>
  <escapedJava>false</escapedJava>
  <property name="startLine">29</property>
  <property name="stepIndex">7</property>
</record>
<record>
  <date>2026-05-13T09:25:20.015870200Z</date>
  <millis>1778664320015</millis>
  <nanos>870200</nanos>
  <sequence>758</sequence>
  <level>PASSED</level>
  <class>com.kms.katalon.core.logging.XmlKeywordLogger</class>
  <method>logMessage</method>
  <thread>1</thread>
  <message>Current window&amp;apos;s url is: &amp;apos;https://parabank.parasoft.com/parabank/overview.htm&amp;apos;</message>
  <nestedLevel>1</nestedLevel>
  <escapedJava>false</escapedJava>
  <property name="testops-method-name">com.kms.katalon.core.webui.keyword.builtin.GetUrlKeyword.getUrl</property>
  <property name="testops-execution-stacktrace"></property>
</record>
<record>
  <date>2026-05-13T09:25:20.019007500Z</date>
  <millis>1778664320019</millis>
  <nanos>7500</nanos>
  <sequence>759</sequence>
  <level>END</level>
  <class>com.kms.katalon.core.logging.XmlKeywordLogger</class>
  <method>endKeyword</method>
  <thread>1</thread>
  <message>End action : currentUrl = getUrl()</message>
  <nestedLevel>1</nestedLevel>
  <escapedJava>false</escapedJava>
</record>
<record>
  <date>2026-05-13T09:25:20.019007500Z</date>
  <millis>1778664320019</millis>
  <nanos>7500</nanos>
  <sequence>760</sequence>
  <level>START</level>
  <class>com.kms.katalon.core.logging.XmlKeywordLogger</class>
  <method>startKeyword</method>
  <thread>1</thread>
  <message>Start action : assert currentUrl.contains(&amp;quot;overview&amp;quot;) : &amp;quot;Seharusnya kehalaman overview!&amp;quot;</message>
  <nestedLevel>1</nestedLevel>
  <escapedJava>false</escapedJava>
  <property name="startLine">30</property>
  <property name="stepIndex">8</property>
</record>
<record>
  <date>2026-05-13T09:25:20.021996100Z</date>
  <millis>1778664320021</millis>
  <nanos>996100</nanos>
  <sequence>761</sequence>
  <level>END</level>
  <class>com.kms.katalon.core.logging.XmlKeywordLogger</class>
  <method>endKeyword</method>
  <thread>1</thread>
  <message>End action : assert currentUrl.contains(&amp;quot;overview&amp;quot;) : &amp;quot;Seharusnya kehalaman overview!&amp;quot;</message>
  <nestedLevel>1</nestedLevel>
  <escapedJava>false</escapedJava>
</record>
<record>
  <date>2026-05-13T09:25:20.022820200Z</date>
  <millis>1778664320022</millis>
  <nanos>820200</nanos>
  <sequence>762</sequence>
  <level>START</level>
  <class>com.kms.katalon.core.logging.XmlKeywordLogger</class>
  <method>startKeyword</method>
  <thread>1</thread>
  <message>Start action : takeScreenshot(screenshotPath + &amp;quot;TC-01-Login Valid.png&amp;quot;)</message>
  <nestedLevel>1</nestedLevel>
  <escapedJava>false</escapedJava>
  <property name="startLine">31</property>
  <property name="stepIndex">9</property>
</record>
<record>
  <date>2026-05-13T09:25:20.361972500Z</date>
  <millis>1778664320361</millis>
  <nanos>972500</nanos>
  <sequence>764</sequence>
  <level>PASSED</level>
  <class>com.kms.katalon.core.logging.XmlKeywordLogger</class>
  <method>logMessage</method>
  <thread>1</thread>
  <message>Taking screenshot successfully</message>
  <nestedLevel>1</nestedLevel>
  <escapedJava>false</escapedJava>
  <property name="attachment">C:\Users\AVOWS\git\Katalon-Testing-web-automation\screenshot\TC-01-Login Valid.png</property>
  <property name="testops-method-name">com.kms.katalon.core.webui.keyword.builtin.TakeScreenshotKeyword.takeScreenshot</property>
  <property name="testops-execution-stacktrace"></property>
</record>
<record>
  <date>2026-05-13T09:25:20.363934500Z</date>
  <millis>1778664320363</millis>
  <nanos>934500</nanos>
  <sequence>765</sequence>
  <level>END</level>
  <class>com.kms.katalon.core.logging.XmlKeywordLogger</class>
  <method>endKeyword</method>
  <thread>1</thread>
  <message>End action : takeScreenshot(screenshotPath + &amp;quot;TC-01-Login Valid.png&amp;quot;)</message>
  <nestedLevel>1</nestedLevel>
  <escapedJava>false</escapedJava>
</record>
<record>
  <date>2026-05-13T09:25:20.363934500Z</date>
  <millis>1778664320363</millis>
  <nanos>934500</nanos>
  <sequence>766</sequence>
  <level>START</level>
  <class>com.kms.katalon.core.logging.XmlKeywordLogger</class>
  <method>startKeyword</method>
  <thread>1</thread>
  <message>Start action : closeBrowser()</message>
  <nestedLevel>1</nestedLevel>
  <escapedJava>false</escapedJava>
  <property name="startLine">33</property>
  <property name="stepIndex">10</property>
</record>
<record>
  <date>2026-05-13T09:25:20.680828Z</date>
  <millis>1778664320680</millis>
  <nanos>828000</nanos>
  <sequence>768</sequence>
  <level>PASSED</level>
  <class>com.kms.katalon.core.logging.XmlKeywordLogger</class>
  <method>logMessage</method>
  <thread>1</thread>
  <message>Browser is closed</message>
  <nestedLevel>1</nestedLevel>
  <escapedJava>false</escapedJava>
  <property name="testops-method-name">com.kms.katalon.core.webui.keyword.builtin.CloseBrowserKeyword.closeBrowser</property>
  <property name="testops-execution-stacktrace"></property>
</record>
<record>
  <date>2026-05-13T09:25:20.682381Z</date>
  <millis>1778664320682</millis>
  <nanos>381000</nanos>
  <sequence>769</sequence>
  <level>END</level>
  <class>com.kms.katalon.core.logging.XmlKeywordLogger</class>
  <method>endKeyword</method>
  <thread>1</thread>
  <message>End action : closeBrowser()</message>
  <nestedLevel>1</nestedLevel>
  <escapedJava>false</escapedJava>
</record>
<record>
  <date>2026-05-13T09:25:20.683377400Z</date>
  <millis>1778664320683</millis>
  <nanos>377400</nanos>
  <sequence>770</sequence>
  <level>START</level>
  <class>com.kms.katalon.core.logging.XmlKeywordLogger</class>
  <method>startKeyword</method>
  <thread>1</thread>
  <message>Start action : println(&amp;quot;TC-1-Login_Valid Pass - Login Valid berhasil!&amp;quot;)</message>
  <nestedLevel>1</nestedLevel>
  <escapedJava>false</escapedJava>
  <property name="startLine">34</property>
  <property name="stepIndex">11</property>
</record>
<record>
  <date>2026-05-13T09:25:20.685370700Z</date>
  <millis>1778664320685</millis>
  <nanos>370700</nanos>
  <sequence>771</sequence>
  <level>END</level>
  <class>com.kms.katalon.core.logging.XmlKeywordLogger</class>
  <method>endKeyword</method>
  <thread>1</thread>
  <message>End action : println(&amp;quot;TC-1-Login_Valid Pass - Login Valid berhasil!&amp;quot;)</message>
  <nestedLevel>1</nestedLevel>
  <escapedJava>false</escapedJava>
</record>
<record>
  <date>2026-05-13T09:25:20.686366800Z</date>
  <millis>1778664320686</millis>
  <nanos>366800</nanos>
  <sequence>772</sequence>
  <level>PASSED</level>
  <class>com.kms.katalon.core.logging.XmlKeywordLogger</class>
  <method>logMessage</method>
  <thread>1</thread>
  <message>Test Cases/Web/TC-01-Login_Valid</message>
  <nestedLevel>1</nestedLevel>
  <escapedJava>false</escapedJava>
</record>
<record>
  <date>2026-05-13T09:25:20.687363300Z</date>
  <millis>1778664320687</millis>
  <nanos>363300</nanos>
  <sequence>773</sequence>
  <level>END</level>
  <class>com.kms.katalon.core.logging.XmlKeywordLogger</class>
  <method>endTest</method>
  <thread>1</thread>
  <message>End Test Case : Test Cases/Web/TC-01-Login_Valid</message>
  <nestedLevel>0</nestedLevel>
  <escapedJava>false</escapedJava>
  <property name="executionBindingVariables">[]</property>
  <property name="applitools">false</property>
  <property name="keywordsUsage">{
  &quot;web_ui&quot;: true,
  &quot;web_service&quot;: false,
  &quot;cucumber&quot;: false,
  &quot;builtin&quot;: false,
  &quot;mobile&quot;: false,
  &quot;windows&quot;: false,
  &quot;testng&quot;: false
}</property>
</record>
<record>
  <date>2026-05-13T09:25:20.692404900Z</date>
  <millis>1778664320692</millis>
  <nanos>404900</nanos>
  <sequence>774</sequence>
  <level>START</level>
  <class>com.kms.katalon.core.logging.XmlKeywordLogger</class>
  <method>startTest</method>
  <thread>1</thread>
  <message>Start Test Case : Test Cases/Web/TC-Create New Account</message>
  <nestedLevel>1</nestedLevel>
  <escapedJava>false</escapedJava>
  <property name="name">Test Cases/Web/TC-Create New Account</property>
  <property name="description"></property>
  <property name="iteration"></property>
  <property name="id">Test Cases/Web/TC-Create New Account</property>
  <property name="source">C:\Users\AVOWS\git\Katalon-Testing-web-automation\Test Cases\Web\TC-Create New Account.tc</property>
  <property name="tag"></property>
  <property name="isOptional">false</property>
</record>
<record>
  <date>2026-05-13T09:25:21.107658300Z</date>
  <millis>1778664321107</millis>
  <nanos>658300</nanos>
  <sequence>776</sequence>
  <level>START</level>
  <class>com.kms.katalon.core.logging.XmlKeywordLogger</class>
  <method>startKeyword</method>
  <thread>1</thread>
  <message>Start action : common.WebHelper.login(&amp;quot;Haryadi01&amp;quot;, &amp;quot;qwerty123&amp;quot;)</message>
  <nestedLevel>1</nestedLevel>
  <escapedJava>false</escapedJava>
  <property name="startLine">27</property>
  <property name="stepIndex">1</property>
</record>
<record>
  <date>2026-05-13T09:25:21.129510600Z</date>
  <millis>1778664321129</millis>
  <nanos>510600</nanos>
  <sequence>778</sequence>
  <level>INFO</level>
  <class>com.kms.katalon.core.logging.XmlKeywordLogger</class>
  <method>logMessage</method>
  <thread>1</thread>
  <message>Starting &amp;apos;Chrome&amp;apos; driver</message>
  <nestedLevel>1</nestedLevel>
  <escapedJava>false</escapedJava>
</record>
<record>
  <date>2026-05-13T09:25:21.131494100Z</date>
  <millis>1778664321131</millis>
  <nanos>494100</nanos>
  <sequence>779</sequence>
  <level>INFO</level>
  <class>com.kms.katalon.core.logging.XmlKeywordLogger</class>
  <method>logMessage</method>
  <thread>1</thread>
  <message>Action delay is set to 0 milliseconds</message>
  <nestedLevel>1</nestedLevel>
  <escapedJava>false</escapedJava>
</record>
<record>
  <date>2026-05-13T09:25:23.256847100Z</date>
  <millis>1778664323256</millis>
  <nanos>847100</nanos>
  <sequence>782</sequence>
  <level>RUN_DATA</level>
  <class>com.kms.katalon.core.logging.XmlKeywordLogger</class>
  <method>logMessage</method>
  <thread>1</thread>
  <message>sessionId = 042e94d7f4acc7f6675b8dd5e137d0a6</message>
  <nestedLevel>1</nestedLevel>
  <escapedJava>false</escapedJava>
  <property name="sessionId">042e94d7f4acc7f6675b8dd5e137d0a6</property>
</record>
<record>
  <date>2026-05-13T09:25:23.259099100Z</date>
  <millis>1778664323259</millis>
  <nanos>99100</nanos>
  <sequence>783</sequence>
  <level>RUN_DATA</level>
  <class>com.kms.katalon.core.logging.XmlKeywordLogger</class>
  <method>logMessage</method>
  <thread>1</thread>
  <message>browser = Chrome 147.0.7727.138</message>
  <nestedLevel>1</nestedLevel>
  <escapedJava>false</escapedJava>
  <property name="browser">Chrome 147.0.7727.138</property>
</record>
<record>
  <date>2026-05-13T09:25:23.260590Z</date>
  <millis>1778664323260</millis>
  <nanos>590000</nanos>
  <sequence>784</sequence>
  <level>RUN_DATA</level>
  <class>com.kms.katalon.core.logging.XmlKeywordLogger</class>
  <method>logMessage</method>
  <thread>1</thread>
  <message>platform = Windows 10</message>
  <nestedLevel>1</nestedLevel>
  <escapedJava>false</escapedJava>
  <property name="platform">Windows 10</property>
</record>
<record>
  <date>2026-05-13T09:25:23.262780100Z</date>
  <millis>1778664323262</millis>
  <nanos>780100</nanos>
  <sequence>785</sequence>
  <level>RUN_DATA</level>
  <class>com.kms.katalon.core.logging.XmlKeywordLogger</class>
  <method>logMessage</method>
  <thread>1</thread>
  <message>seleniumVersion = 4.28.1</message>
  <nestedLevel>1</nestedLevel>
  <escapedJava>false</escapedJava>
  <property name="seleniumVersion">4.28.1</property>
</record>
<record>
  <date>2026-05-13T09:25:23.266232400Z</date>
  <millis>1778664323266</millis>
  <nanos>232400</nanos>
  <sequence>786</sequence>
  <level>RUN_DATA</level>
  <class>com.kms.katalon.core.logging.XmlKeywordLogger</class>
  <method>logMessage</method>
  <thread>1</thread>
  <message>proxyInformation = ProxyInformation { proxyOption=NO_PROXY, proxyServerType=HTTP, username=, password=********, proxyServerAddress=, proxyServerPort=0, executionList=&amp;quot;&amp;quot;, isApplyToDesiredCapabilities=true }</message>
  <nestedLevel>1</nestedLevel>
  <escapedJava>false</escapedJava>
  <property name="proxyInformation">ProxyInformation { proxyOption=NO_PROXY, proxyServerType=HTTP, username=, password=********, proxyServerAddress=, proxyServerPort=0, executionList=&quot;&quot;, isApplyToDesiredCapabilities=true }</property>
</record>
<record>
  <date>2026-05-13T09:25:24.921809400Z</date>
  <millis>1778664324921</millis>
  <nanos>809400</nanos>
  <sequence>788</sequence>
  <level>PASSED</level>
  <class>com.kms.katalon.core.logging.XmlKeywordLogger</class>
  <method>logMessage</method>
  <thread>1</thread>
  <message>Browser is opened with url: &amp;apos;https://parabank.parasoft.com&amp;apos;</message>
  <nestedLevel>1</nestedLevel>
  <escapedJava>false</escapedJava>
  <property name="testops-method-name">com.kms.katalon.core.webui.keyword.builtin.OpenBrowserKeyword.openBrowser</property>
  <property name="testops-execution-stacktrace"></property>
</record>
<record>
  <date>2026-05-13T09:25:25.567683100Z</date>
  <millis>1778664325567</millis>
  <nanos>683100</nanos>
  <sequence>804</sequence>
  <level>PASSED</level>
  <class>com.kms.katalon.core.logging.XmlKeywordLogger</class>
  <method>logMessage</method>
  <thread>1</thread>
  <message>Text &amp;apos;Haryadi01&amp;apos; is set on object &amp;apos;Object Repository/Web/Login/txt_username&amp;apos;</message>
  <nestedLevel>1</nestedLevel>
  <escapedJava>false</escapedJava>
  <property name="testops-method-name">com.kms.katalon.core.webui.keyword.builtin.SetTextKeyword.setText</property>
  <property name="testops-execution-stacktrace"></property>
</record>
<record>
  <date>2026-05-13T09:25:26.181411600Z</date>
  <millis>1778664326181</millis>
  <nanos>411600</nanos>
  <sequence>820</sequence>
  <level>PASSED</level>
  <class>com.kms.katalon.core.logging.XmlKeywordLogger</class>
  <method>logMessage</method>
  <thread>1</thread>
  <message>Text &amp;apos;qwerty123&amp;apos; is set on object &amp;apos;Object Repository/Web/Login/txt_password&amp;apos;</message>
  <nestedLevel>1</nestedLevel>
  <escapedJava>false</escapedJava>
  <property name="testops-method-name">com.kms.katalon.core.webui.keyword.builtin.SetTextKeyword.setText</property>
  <property name="testops-execution-stacktrace"></property>
</record>
<record>
  <date>2026-05-13T09:25:26.992261200Z</date>
  <millis>1778664326992</millis>
  <nanos>261200</nanos>
  <sequence>830</sequence>
  <level>PASSED</level>
  <class>com.kms.katalon.core.logging.XmlKeywordLogger</class>
  <method>logMessage</method>
  <thread>1</thread>
  <message>Object: &amp;apos;Object Repository/Web/Login/btn_login&amp;apos; is clicked on</message>
  <nestedLevel>1</nestedLevel>
  <escapedJava>false</escapedJava>
  <property name="testops-method-name">com.kms.katalon.core.webui.keyword.builtin.ClickKeyword.click</property>
  <property name="testops-execution-stacktrace"></property>
</record>
<record>
  <date>2026-05-13T09:25:26.994227100Z</date>
  <millis>1778664326994</millis>
  <nanos>227100</nanos>
  <sequence>831</sequence>
  <level>PASSED</level>
  <class>com.kms.katalon.core.logging.XmlKeywordLogger</class>
  <method>logMessage</method>
  <thread>1</thread>
  <message>common.WebHelper.login is PASSED</message>
  <nestedLevel>1</nestedLevel>
  <escapedJava>false</escapedJava>
</record>
<record>
  <date>2026-05-13T09:25:26.997138300Z</date>
  <millis>1778664326997</millis>
  <nanos>138300</nanos>
  <sequence>832</sequence>
  <level>END</level>
  <class>com.kms.katalon.core.logging.XmlKeywordLogger</class>
  <method>endKeyword</method>
  <thread>1</thread>
  <message>End action : common.WebHelper.login(&amp;quot;Haryadi01&amp;quot;, &amp;quot;qwerty123&amp;quot;)</message>
  <nestedLevel>1</nestedLevel>
  <escapedJava>false</escapedJava>
</record>
<record>
  <date>2026-05-13T09:25:26.997860600Z</date>
  <millis>1778664326997</millis>
  <nanos>860600</nanos>
  <sequence>833</sequence>
  <level>START</level>
  <class>com.kms.katalon.core.logging.XmlKeywordLogger</class>
  <method>startKeyword</method>
  <thread>1</thread>
  <message>Start action : click(findTestObject(&amp;quot;Web/Home/link_createAccount&amp;quot;))</message>
  <nestedLevel>1</nestedLevel>
  <escapedJava>false</escapedJava>
  <property name="startLine">29</property>
  <property name="stepIndex">2</property>
</record>
<record>
  <date>2026-05-13T09:25:28.100785900Z</date>
  <millis>1778664328100</millis>
  <nanos>785900</nanos>
  <sequence>843</sequence>
  <level>PASSED</level>
  <class>com.kms.katalon.core.logging.XmlKeywordLogger</class>
  <method>logMessage</method>
  <thread>1</thread>
  <message>Object: &amp;apos;Object Repository/Web/Home/link_createAccount&amp;apos; is clicked on</message>
  <nestedLevel>1</nestedLevel>
  <escapedJava>false</escapedJava>
  <property name="testops-method-name">com.kms.katalon.core.webui.keyword.builtin.ClickKeyword.click</property>
  <property name="testops-execution-stacktrace"></property>
</record>
<record>
  <date>2026-05-13T09:25:28.106872100Z</date>
  <millis>1778664328106</millis>
  <nanos>872100</nanos>
  <sequence>844</sequence>
  <level>END</level>
  <class>com.kms.katalon.core.logging.XmlKeywordLogger</class>
  <method>endKeyword</method>
  <thread>1</thread>
  <message>End action : click(findTestObject(&amp;quot;Web/Home/link_createAccount&amp;quot;))</message>
  <nestedLevel>1</nestedLevel>
  <escapedJava>false</escapedJava>
</record>
<record>
  <date>2026-05-13T09:25:28.108444400Z</date>
  <millis>1778664328108</millis>
  <nanos>444400</nanos>
  <sequence>845</sequence>
  <level>START</level>
  <class>com.kms.katalon.core.logging.XmlKeywordLogger</class>
  <method>startKeyword</method>
  <thread>1</thread>
  <message>Start action : selectOptionByValue(findTestObject(&amp;quot;Web/OpenAccount/drp_typeAccount&amp;quot;), &amp;quot;1&amp;quot;, false)</message>
  <nestedLevel>1</nestedLevel>
  <escapedJava>false</escapedJava>
  <property name="startLine">31</property>
  <property name="stepIndex">3</property>
</record>
<record>
  <date>2026-05-13T09:25:29.114155800Z</date>
  <millis>1778664329114</millis>
  <nanos>155800</nanos>
  <sequence>856</sequence>
  <level>PASSED</level>
  <class>com.kms.katalon.core.logging.XmlKeywordLogger</class>
  <method>logMessage</method>
  <thread>1</thread>
  <message>All options with value &amp;apos;1&amp;apos; are selected in object &amp;apos;Object Repository/Web/OpenAccount/drp_typeAccount&amp;apos; </message>
  <nestedLevel>1</nestedLevel>
  <escapedJava>false</escapedJava>
  <property name="testops-method-name">com.kms.katalon.core.webui.keyword.builtin.SelectOptionByValueKeyword.selectOptionByValue</property>
  <property name="testops-execution-stacktrace"></property>
</record>
<record>
  <date>2026-05-13T09:25:29.116094200Z</date>
  <millis>1778664329116</millis>
  <nanos>94200</nanos>
  <sequence>857</sequence>
  <level>END</level>
  <class>com.kms.katalon.core.logging.XmlKeywordLogger</class>
  <method>endKeyword</method>
  <thread>1</thread>
  <message>End action : selectOptionByValue(findTestObject(&amp;quot;Web/OpenAccount/drp_typeAccount&amp;quot;), &amp;quot;1&amp;quot;, false)</message>
  <nestedLevel>1</nestedLevel>
  <escapedJava>false</escapedJava>
</record>
<record>
  <date>2026-05-13T09:25:29.117380400Z</date>
  <millis>1778664329117</millis>
  <nanos>380400</nanos>
  <sequence>858</sequence>
  <level>START</level>
  <class>com.kms.katalon.core.logging.XmlKeywordLogger</class>
  <method>startKeyword</method>
  <thread>1</thread>
  <message>Start action : driver = getWebDriver()</message>
  <nestedLevel>1</nestedLevel>
  <escapedJava>false</escapedJava>
  <property name="startLine">34</property>
  <property name="stepIndex">4</property>
</record>
<record>
  <date>2026-05-13T09:25:29.126343200Z</date>
  <millis>1778664329126</millis>
  <nanos>343200</nanos>
  <sequence>859</sequence>
  <level>END</level>
  <class>com.kms.katalon.core.logging.XmlKeywordLogger</class>
  <method>endKeyword</method>
  <thread>1</thread>
  <message>End action : driver = getWebDriver()</message>
  <nestedLevel>1</nestedLevel>
  <escapedJava>false</escapedJava>
</record>
<record>
  <date>2026-05-13T09:25:29.127388Z</date>
  <millis>1778664329127</millis>
  <nanos>388000</nanos>
  <sequence>860</sequence>
  <level>START</level>
  <class>com.kms.katalon.core.logging.XmlKeywordLogger</class>
  <method>startKeyword</method>
  <thread>1</thread>
  <message>Start action : selectElement = new org.openqa.selenium.support.ui.Select(driver.findElement(org.openqa.selenium.By.cssSelector(#fromAccountId)))</message>
  <nestedLevel>1</nestedLevel>
  <escapedJava>false</escapedJava>
  <property name="startLine">35</property>
  <property name="stepIndex">5</property>
</record>
<record>
  <date>2026-05-13T09:25:29.448181200Z</date>
  <millis>1778664329448</millis>
  <nanos>181200</nanos>
  <sequence>862</sequence>
  <level>END</level>
  <class>com.kms.katalon.core.logging.XmlKeywordLogger</class>
  <method>endKeyword</method>
  <thread>1</thread>
  <message>End action : selectElement = new org.openqa.selenium.support.ui.Select(driver.findElement(org.openqa.selenium.By.cssSelector(#fromAccountId)))</message>
  <nestedLevel>1</nestedLevel>
  <escapedJava>false</escapedJava>
</record>
<record>
  <date>2026-05-13T09:25:29.449196800Z</date>
  <millis>1778664329449</millis>
  <nanos>196800</nanos>
  <sequence>863</sequence>
  <level>START</level>
  <class>com.kms.katalon.core.logging.XmlKeywordLogger</class>
  <method>startKeyword</method>
  <thread>1</thread>
  <message>Start action : options = selectElement.getOptions()</message>
  <nestedLevel>1</nestedLevel>
  <escapedJava>false</escapedJava>
  <property name="startLine">37</property>
  <property name="stepIndex">6</property>
</record>
<record>
  <date>2026-05-13T09:25:29.716935600Z</date>
  <millis>1778664329716</millis>
  <nanos>935600</nanos>
  <sequence>865</sequence>
  <level>END</level>
  <class>com.kms.katalon.core.logging.XmlKeywordLogger</class>
  <method>endKeyword</method>
  <thread>1</thread>
  <message>End action : options = selectElement.getOptions()</message>
  <nestedLevel>1</nestedLevel>
  <escapedJava>false</escapedJava>
</record>
<record>
  <date>2026-05-13T09:25:29.717994Z</date>
  <millis>1778664329717</millis>
  <nanos>994000</nanos>
  <sequence>866</sequence>
  <level>START</level>
  <class>com.kms.katalon.core.logging.XmlKeywordLogger</class>
  <method>startKeyword</method>
  <thread>1</thread>
  <message>Start action : options.each({ java.lang.Object option -&amp;gt; ... })</message>
  <nestedLevel>1</nestedLevel>
  <escapedJava>false</escapedJava>
  <property name="startLine">38</property>
  <property name="stepIndex">7</property>
</record>
<record>
  <date>2026-05-13T09:25:29.783952400Z</date>
  <millis>1778664329783</millis>
  <nanos>952400</nanos>
  <sequence>867</sequence>
  <level>END</level>
  <class>com.kms.katalon.core.logging.XmlKeywordLogger</class>
  <method>endKeyword</method>
  <thread>1</thread>
  <message>End action : options.each({ java.lang.Object option -&amp;gt; ... })</message>
  <nestedLevel>1</nestedLevel>
  <escapedJava>false</escapedJava>
</record>
<record>
  <date>2026-05-13T09:25:29.783952400Z</date>
  <millis>1778664329783</millis>
  <nanos>952400</nanos>
  <sequence>868</sequence>
  <level>START</level>
  <class>com.kms.katalon.core.logging.XmlKeywordLogger</class>
  <method>startKeyword</method>
  <thread>1</thread>
  <message>Start action : firstValue = get(0).getAttribute(&amp;quot;value&amp;quot;)</message>
  <nestedLevel>1</nestedLevel>
  <escapedJava>false</escapedJava>
  <property name="startLine">42</property>
  <property name="stepIndex">8</property>
</record>
<record>
  <date>2026-05-13T09:25:29.801065700Z</date>
  <millis>1778664329801</millis>
  <nanos>65700</nanos>
  <sequence>869</sequence>
  <level>END</level>
  <class>com.kms.katalon.core.logging.XmlKeywordLogger</class>
  <method>endKeyword</method>
  <thread>1</thread>
  <message>End action : firstValue = get(0).getAttribute(&amp;quot;value&amp;quot;)</message>
  <nestedLevel>1</nestedLevel>
  <escapedJava>false</escapedJava>
</record>
<record>
  <date>2026-05-13T09:25:29.801065700Z</date>
  <millis>1778664329801</millis>
  <nanos>65700</nanos>
  <sequence>870</sequence>
  <level>START</level>
  <class>com.kms.katalon.core.logging.XmlKeywordLogger</class>
  <method>startKeyword</method>
  <thread>1</thread>
  <message>Start action : selectElement.selectByValue(firstValue)</message>
  <nestedLevel>1</nestedLevel>
  <escapedJava>false</escapedJava>
  <property name="startLine">43</property>
  <property name="stepIndex">9</property>
</record>
<record>
  <date>2026-05-13T09:25:30.105440600Z</date>
  <millis>1778664330105</millis>
  <nanos>440600</nanos>
  <sequence>872</sequence>
  <level>END</level>
  <class>com.kms.katalon.core.logging.XmlKeywordLogger</class>
  <method>endKeyword</method>
  <thread>1</thread>
  <message>End action : selectElement.selectByValue(firstValue)</message>
  <nestedLevel>1</nestedLevel>
  <escapedJava>false</escapedJava>
</record>
<record>
  <date>2026-05-13T09:25:30.105440600Z</date>
  <millis>1778664330105</millis>
  <nanos>440600</nanos>
  <sequence>873</sequence>
  <level>START</level>
  <class>com.kms.katalon.core.logging.XmlKeywordLogger</class>
  <method>startKeyword</method>
  <thread>1</thread>
  <message>Start action : click(findTestObject(&amp;quot;Web/OpenAccount/btn_submit&amp;quot;))</message>
  <nestedLevel>1</nestedLevel>
  <escapedJava>false</escapedJava>
  <property name="startLine">45</property>
  <property name="stepIndex">10</property>
</record>
<record>
  <date>2026-05-13T09:25:30.452901600Z</date>
  <millis>1778664330452</millis>
  <nanos>901600</nanos>
  <sequence>883</sequence>
  <level>PASSED</level>
  <class>com.kms.katalon.core.logging.XmlKeywordLogger</class>
  <method>logMessage</method>
  <thread>1</thread>
  <message>Object: &amp;apos;Object Repository/Web/OpenAccount/btn_submit&amp;apos; is clicked on</message>
  <nestedLevel>1</nestedLevel>
  <escapedJava>false</escapedJava>
  <property name="testops-method-name">com.kms.katalon.core.webui.keyword.builtin.ClickKeyword.click</property>
  <property name="testops-execution-stacktrace"></property>
</record>
<record>
  <date>2026-05-13T09:25:30.457172400Z</date>
  <millis>1778664330457</millis>
  <nanos>172400</nanos>
  <sequence>884</sequence>
  <level>END</level>
  <class>com.kms.katalon.core.logging.XmlKeywordLogger</class>
  <method>endKeyword</method>
  <thread>1</thread>
  <message>End action : click(findTestObject(&amp;quot;Web/OpenAccount/btn_submit&amp;quot;))</message>
  <nestedLevel>1</nestedLevel>
  <escapedJava>false</escapedJava>
</record>
<record>
  <date>2026-05-13T09:25:30.457172400Z</date>
  <millis>1778664330457</millis>
  <nanos>172400</nanos>
  <sequence>885</sequence>
  <level>START</level>
  <class>com.kms.katalon.core.logging.XmlKeywordLogger</class>
  <method>startKeyword</method>
  <thread>1</thread>
  <message>Start action : verifyElementText(findTestObject(&amp;quot;Web/OpenAccount/lbl_successCreateAccount&amp;quot;), &amp;quot;Account Opened!&amp;quot;)</message>
  <nestedLevel>1</nestedLevel>
  <escapedJava>false</escapedJava>
  <property name="startLine">47</property>
  <property name="stepIndex">11</property>
</record>
<record>
  <date>2026-05-13T09:25:31.147504300Z</date>
  <millis>1778664331147</millis>
  <nanos>504300</nanos>
  <sequence>893</sequence>
  <level>PASSED</level>
  <class>com.kms.katalon.core.logging.XmlKeywordLogger</class>
  <method>logMessage</method>
  <thread>1</thread>
  <message>Actual text and expected text of test object &amp;apos;Object Repository/Web/OpenAccount/lbl_successCreateAccount&amp;apos; are matched.</message>
  <nestedLevel>1</nestedLevel>
  <escapedJava>false</escapedJava>
  <property name="testops-is-assertion">true</property>
  <property name="testops-method-name">com.kms.katalon.core.webui.keyword.builtin.VerifyElementTextKeyword.verifyElementText</property>
  <property name="testops-execution-stacktrace"></property>
</record>
<record>
  <date>2026-05-13T09:25:31.149506900Z</date>
  <millis>1778664331149</millis>
  <nanos>506900</nanos>
  <sequence>894</sequence>
  <level>END</level>
  <class>com.kms.katalon.core.logging.XmlKeywordLogger</class>
  <method>endKeyword</method>
  <thread>1</thread>
  <message>End action : verifyElementText(findTestObject(&amp;quot;Web/OpenAccount/lbl_successCreateAccount&amp;quot;), &amp;quot;Account Opened!&amp;quot;)</message>
  <nestedLevel>1</nestedLevel>
  <escapedJava>false</escapedJava>
</record>
<record>
  <date>2026-05-13T09:25:31.150488900Z</date>
  <millis>1778664331150</millis>
  <nanos>488900</nanos>
  <sequence>895</sequence>
  <level>START</level>
  <class>com.kms.katalon.core.logging.XmlKeywordLogger</class>
  <method>startKeyword</method>
  <thread>1</thread>
  <message>Start action : takeScreenshot(screenshotPath + &amp;quot;TC CreateAccount.png&amp;quot;)</message>
  <nestedLevel>1</nestedLevel>
  <escapedJava>false</escapedJava>
  <property name="startLine">49</property>
  <property name="stepIndex">12</property>
</record>
<record>
  <date>2026-05-13T09:25:31.503311700Z</date>
  <millis>1778664331503</millis>
  <nanos>311700</nanos>
  <sequence>897</sequence>
  <level>PASSED</level>
  <class>com.kms.katalon.core.logging.XmlKeywordLogger</class>
  <method>logMessage</method>
  <thread>1</thread>
  <message>Taking screenshot successfully</message>
  <nestedLevel>1</nestedLevel>
  <escapedJava>false</escapedJava>
  <property name="attachment">C:\Users\AVOWS\git\Katalon-Testing-web-automation\screenshot\TC CreateAccount.png</property>
  <property name="testops-method-name">com.kms.katalon.core.webui.keyword.builtin.TakeScreenshotKeyword.takeScreenshot</property>
  <property name="testops-execution-stacktrace"></property>
</record>
<record>
  <date>2026-05-13T09:25:31.504542900Z</date>
  <millis>1778664331504</millis>
  <nanos>542900</nanos>
  <sequence>898</sequence>
  <level>END</level>
  <class>com.kms.katalon.core.logging.XmlKeywordLogger</class>
  <method>endKeyword</method>
  <thread>1</thread>
  <message>End action : takeScreenshot(screenshotPath + &amp;quot;TC CreateAccount.png&amp;quot;)</message>
  <nestedLevel>1</nestedLevel>
  <escapedJava>false</escapedJava>
</record>
<record>
  <date>2026-05-13T09:25:31.504542900Z</date>
  <millis>1778664331504</millis>
  <nanos>542900</nanos>
  <sequence>899</sequence>
  <level>START</level>
  <class>com.kms.katalon.core.logging.XmlKeywordLogger</class>
  <method>startKeyword</method>
  <thread>1</thread>
  <message>Start action : closeBrowser()</message>
  <nestedLevel>1</nestedLevel>
  <escapedJava>false</escapedJava>
  <property name="startLine">51</property>
  <property name="stepIndex">13</property>
</record>
<record>
  <date>2026-05-13T09:25:31.883999700Z</date>
  <millis>1778664331883</millis>
  <nanos>999700</nanos>
  <sequence>901</sequence>
  <level>PASSED</level>
  <class>com.kms.katalon.core.logging.XmlKeywordLogger</class>
  <method>logMessage</method>
  <thread>1</thread>
  <message>Browser is closed</message>
  <nestedLevel>1</nestedLevel>
  <escapedJava>false</escapedJava>
  <property name="testops-method-name">com.kms.katalon.core.webui.keyword.builtin.CloseBrowserKeyword.closeBrowser</property>
  <property name="testops-execution-stacktrace"></property>
</record>
<record>
  <date>2026-05-13T09:25:31.886006500Z</date>
  <millis>1778664331886</millis>
  <nanos>6500</nanos>
  <sequence>902</sequence>
  <level>END</level>
  <class>com.kms.katalon.core.logging.XmlKeywordLogger</class>
  <method>endKeyword</method>
  <thread>1</thread>
  <message>End action : closeBrowser()</message>
  <nestedLevel>1</nestedLevel>
  <escapedJava>false</escapedJava>
</record>
<record>
  <date>2026-05-13T09:25:31.887003200Z</date>
  <millis>1778664331887</millis>
  <nanos>3200</nanos>
  <sequence>903</sequence>
  <level>START</level>
  <class>com.kms.katalon.core.logging.XmlKeywordLogger</class>
  <method>startKeyword</method>
  <thread>1</thread>
  <message>Start action : println(&amp;quot;Test Case Create Account success!&amp;quot;)</message>
  <nestedLevel>1</nestedLevel>
  <escapedJava>false</escapedJava>
  <property name="startLine">52</property>
  <property name="stepIndex">14</property>
</record>
<record>
  <date>2026-05-13T09:25:31.888004Z</date>
  <millis>1778664331888</millis>
  <nanos>4000</nanos>
  <sequence>904</sequence>
  <level>END</level>
  <class>com.kms.katalon.core.logging.XmlKeywordLogger</class>
  <method>endKeyword</method>
  <thread>1</thread>
  <message>End action : println(&amp;quot;Test Case Create Account success!&amp;quot;)</message>
  <nestedLevel>1</nestedLevel>
  <escapedJava>false</escapedJava>
</record>
<record>
  <date>2026-05-13T09:25:31.888004Z</date>
  <millis>1778664331888</millis>
  <nanos>4000</nanos>
  <sequence>905</sequence>
  <level>PASSED</level>
  <class>com.kms.katalon.core.logging.XmlKeywordLogger</class>
  <method>logMessage</method>
  <thread>1</thread>
  <message>Test Cases/Web/TC-Create New Account</message>
  <nestedLevel>1</nestedLevel>
  <escapedJava>false</escapedJava>
</record>
<record>
  <date>2026-05-13T09:25:31.889993400Z</date>
  <millis>1778664331889</millis>
  <nanos>993400</nanos>
  <sequence>906</sequence>
  <level>END</level>
  <class>com.kms.katalon.core.logging.XmlKeywordLogger</class>
  <method>endTest</method>
  <thread>1</thread>
  <message>End Test Case : Test Cases/Web/TC-Create New Account</message>
  <nestedLevel>0</nestedLevel>
  <escapedJava>false</escapedJava>
  <property name="executionBindingVariables">[]</property>
  <property name="applitools">false</property>
  <property name="keywordsUsage">{
  &quot;web_ui&quot;: true,
  &quot;web_service&quot;: false,
  &quot;cucumber&quot;: false,
  &quot;builtin&quot;: false,
  &quot;mobile&quot;: false,
  &quot;windows&quot;: false,
  &quot;testng&quot;: false
}</property>
</record>
<record>
  <date>2026-05-13T09:25:31.893984500Z</date>
  <millis>1778664331893</millis>
  <nanos>984500</nanos>
  <sequence>907</sequence>
  <level>START</level>
  <class>com.kms.katalon.core.logging.XmlKeywordLogger</class>
  <method>startTest</method>
  <thread>1</thread>
  <message>Start Test Case : Test Cases/Web/Transfer Found/TC TRF-01</message>
  <nestedLevel>1</nestedLevel>
  <escapedJava>false</escapedJava>
  <property name="name">Test Cases/Web/Transfer Found/TC TRF-01</property>
  <property name="description"></property>
  <property name="iteration"></property>
  <property name="id">Test Cases/Web/Transfer Found/TC TRF-01</property>
  <property name="source">C:\Users\AVOWS\git\Katalon-Testing-web-automation\Test Cases\Web\Transfer Found\TC TRF-01.tc</property>
  <property name="tag"></property>
  <property name="isOptional">false</property>
</record>
<record>
  <date>2026-05-13T09:25:32.193893300Z</date>
  <millis>1778664332193</millis>
  <nanos>893300</nanos>
  <sequence>909</sequence>
  <level>START</level>
  <class>com.kms.katalon.core.logging.XmlKeywordLogger</class>
  <method>startKeyword</method>
  <thread>1</thread>
  <message>Start action : common.WebHelper.login(&amp;quot;Haryadi01&amp;quot;, &amp;quot;qwerty123&amp;quot;)</message>
  <nestedLevel>1</nestedLevel>
  <escapedJava>false</escapedJava>
  <property name="startLine">24</property>
  <property name="stepIndex">1</property>
</record>
<record>
  <date>2026-05-13T09:25:32.197876800Z</date>
  <millis>1778664332197</millis>
  <nanos>876800</nanos>
  <sequence>911</sequence>
  <level>INFO</level>
  <class>com.kms.katalon.core.logging.XmlKeywordLogger</class>
  <method>logMessage</method>
  <thread>1</thread>
  <message>Starting &amp;apos;Chrome&amp;apos; driver</message>
  <nestedLevel>1</nestedLevel>
  <escapedJava>false</escapedJava>
</record>
<record>
  <date>2026-05-13T09:25:32.199871Z</date>
  <millis>1778664332199</millis>
  <nanos>871000</nanos>
  <sequence>912</sequence>
  <level>INFO</level>
  <class>com.kms.katalon.core.logging.XmlKeywordLogger</class>
  <method>logMessage</method>
  <thread>1</thread>
  <message>Action delay is set to 0 milliseconds</message>
  <nestedLevel>1</nestedLevel>
  <escapedJava>false</escapedJava>
</record>
<record>
  <date>2026-05-13T09:25:34.482430300Z</date>
  <millis>1778664334482</millis>
  <nanos>430300</nanos>
  <sequence>915</sequence>
  <level>RUN_DATA</level>
  <class>com.kms.katalon.core.logging.XmlKeywordLogger</class>
  <method>logMessage</method>
  <thread>1</thread>
  <message>sessionId = 865152f0594feca4cf7439a33427cd04</message>
  <nestedLevel>1</nestedLevel>
  <escapedJava>false</escapedJava>
  <property name="sessionId">865152f0594feca4cf7439a33427cd04</property>
</record>
<record>
  <date>2026-05-13T09:25:34.486614Z</date>
  <millis>1778664334486</millis>
  <nanos>614000</nanos>
  <sequence>916</sequence>
  <level>RUN_DATA</level>
  <class>com.kms.katalon.core.logging.XmlKeywordLogger</class>
  <method>logMessage</method>
  <thread>1</thread>
  <message>browser = Chrome 147.0.7727.138</message>
  <nestedLevel>1</nestedLevel>
  <escapedJava>false</escapedJava>
  <property name="browser">Chrome 147.0.7727.138</property>
</record>
<record>
  <date>2026-05-13T09:25:34.487641400Z</date>
  <millis>1778664334487</millis>
  <nanos>641400</nanos>
  <sequence>917</sequence>
  <level>RUN_DATA</level>
  <class>com.kms.katalon.core.logging.XmlKeywordLogger</class>
  <method>logMessage</method>
  <thread>1</thread>
  <message>platform = Windows 10</message>
  <nestedLevel>1</nestedLevel>
  <escapedJava>false</escapedJava>
  <property name="platform">Windows 10</property>
</record>
<record>
  <date>2026-05-13T09:25:34.489089500Z</date>
  <millis>1778664334489</millis>
  <nanos>89500</nanos>
  <sequence>918</sequence>
  <level>RUN_DATA</level>
  <class>com.kms.katalon.core.logging.XmlKeywordLogger</class>
  <method>logMessage</method>
  <thread>1</thread>
  <message>seleniumVersion = 4.28.1</message>
  <nestedLevel>1</nestedLevel>
  <escapedJava>false</escapedJava>
  <property name="seleniumVersion">4.28.1</property>
</record>
<record>
  <date>2026-05-13T09:25:34.490799100Z</date>
  <millis>1778664334490</millis>
  <nanos>799100</nanos>
  <sequence>919</sequence>
  <level>RUN_DATA</level>
  <class>com.kms.katalon.core.logging.XmlKeywordLogger</class>
  <method>logMessage</method>
  <thread>1</thread>
  <message>proxyInformation = ProxyInformation { proxyOption=NO_PROXY, proxyServerType=HTTP, username=, password=********, proxyServerAddress=, proxyServerPort=0, executionList=&amp;quot;&amp;quot;, isApplyToDesiredCapabilities=true }</message>
  <nestedLevel>1</nestedLevel>
  <escapedJava>false</escapedJava>
  <property name="proxyInformation">ProxyInformation { proxyOption=NO_PROXY, proxyServerType=HTTP, username=, password=********, proxyServerAddress=, proxyServerPort=0, executionList=&quot;&quot;, isApplyToDesiredCapabilities=true }</property>
</record>
<record>
  <date>2026-05-13T09:25:35.894900100Z</date>
  <millis>1778664335894</millis>
  <nanos>900100</nanos>
  <sequence>921</sequence>
  <level>PASSED</level>
  <class>com.kms.katalon.core.logging.XmlKeywordLogger</class>
  <method>logMessage</method>
  <thread>1</thread>
  <message>Browser is opened with url: &amp;apos;https://parabank.parasoft.com&amp;apos;</message>
  <nestedLevel>1</nestedLevel>
  <escapedJava>false</escapedJava>
  <property name="testops-method-name">com.kms.katalon.core.webui.keyword.builtin.OpenBrowserKeyword.openBrowser</property>
  <property name="testops-execution-stacktrace"></property>
</record>
<record>
  <date>2026-05-13T09:25:37.440855Z</date>
  <millis>1778664337440</millis>
  <nanos>855000</nanos>
  <sequence>937</sequence>
  <level>PASSED</level>
  <class>com.kms.katalon.core.logging.XmlKeywordLogger</class>
  <method>logMessage</method>
  <thread>1</thread>
  <message>Text &amp;apos;Haryadi01&amp;apos; is set on object &amp;apos;Object Repository/Web/Login/txt_username&amp;apos;</message>
  <nestedLevel>1</nestedLevel>
  <escapedJava>false</escapedJava>
  <property name="testops-method-name">com.kms.katalon.core.webui.keyword.builtin.SetTextKeyword.setText</property>
  <property name="testops-execution-stacktrace"></property>
</record>
<record>
  <date>2026-05-13T09:25:38.063174100Z</date>
  <millis>1778664338063</millis>
  <nanos>174100</nanos>
  <sequence>953</sequence>
  <level>PASSED</level>
  <class>com.kms.katalon.core.logging.XmlKeywordLogger</class>
  <method>logMessage</method>
  <thread>1</thread>
  <message>Text &amp;apos;qwerty123&amp;apos; is set on object &amp;apos;Object Repository/Web/Login/txt_password&amp;apos;</message>
  <nestedLevel>1</nestedLevel>
  <escapedJava>false</escapedJava>
  <property name="testops-method-name">com.kms.katalon.core.webui.keyword.builtin.SetTextKeyword.setText</property>
  <property name="testops-execution-stacktrace"></property>
</record>
<record>
  <date>2026-05-13T09:25:38.861761600Z</date>
  <millis>1778664338861</millis>
  <nanos>761600</nanos>
  <sequence>963</sequence>
  <level>PASSED</level>
  <class>com.kms.katalon.core.logging.XmlKeywordLogger</class>
  <method>logMessage</method>
  <thread>1</thread>
  <message>Object: &amp;apos;Object Repository/Web/Login/btn_login&amp;apos; is clicked on</message>
  <nestedLevel>1</nestedLevel>
  <escapedJava>false</escapedJava>
  <property name="testops-method-name">com.kms.katalon.core.webui.keyword.builtin.ClickKeyword.click</property>
  <property name="testops-execution-stacktrace"></property>
</record>
<record>
  <date>2026-05-13T09:25:38.862762300Z</date>
  <millis>1778664338862</millis>
  <nanos>762300</nanos>
  <sequence>964</sequence>
  <level>PASSED</level>
  <class>com.kms.katalon.core.logging.XmlKeywordLogger</class>
  <method>logMessage</method>
  <thread>1</thread>
  <message>common.WebHelper.login is PASSED</message>
  <nestedLevel>1</nestedLevel>
  <escapedJava>false</escapedJava>
</record>
<record>
  <date>2026-05-13T09:25:38.864410800Z</date>
  <millis>1778664338864</millis>
  <nanos>410800</nanos>
  <sequence>965</sequence>
  <level>END</level>
  <class>com.kms.katalon.core.logging.XmlKeywordLogger</class>
  <method>endKeyword</method>
  <thread>1</thread>
  <message>End action : common.WebHelper.login(&amp;quot;Haryadi01&amp;quot;, &amp;quot;qwerty123&amp;quot;)</message>
  <nestedLevel>1</nestedLevel>
  <escapedJava>false</escapedJava>
</record>
<record>
  <date>2026-05-13T09:25:38.865525500Z</date>
  <millis>1778664338865</millis>
  <nanos>525500</nanos>
  <sequence>966</sequence>
  <level>START</level>
  <class>com.kms.katalon.core.logging.XmlKeywordLogger</class>
  <method>startKeyword</method>
  <thread>1</thread>
  <message>Start action : click(findTestObject(&amp;quot;Web/Home/link_transfer&amp;quot;))</message>
  <nestedLevel>1</nestedLevel>
  <escapedJava>false</escapedJava>
  <property name="startLine">26</property>
  <property name="stepIndex">2</property>
</record>
<record>
  <date>2026-05-13T09:25:39.968224400Z</date>
  <millis>1778664339968</millis>
  <nanos>224400</nanos>
  <sequence>976</sequence>
  <level>PASSED</level>
  <class>com.kms.katalon.core.logging.XmlKeywordLogger</class>
  <method>logMessage</method>
  <thread>1</thread>
  <message>Object: &amp;apos;Object Repository/Web/Home/link_transfer&amp;apos; is clicked on</message>
  <nestedLevel>1</nestedLevel>
  <escapedJava>false</escapedJava>
  <property name="testops-method-name">com.kms.katalon.core.webui.keyword.builtin.ClickKeyword.click</property>
  <property name="testops-execution-stacktrace"></property>
</record>
<record>
  <date>2026-05-13T09:25:39.973644300Z</date>
  <millis>1778664339973</millis>
  <nanos>644300</nanos>
  <sequence>977</sequence>
  <level>END</level>
  <class>com.kms.katalon.core.logging.XmlKeywordLogger</class>
  <method>endKeyword</method>
  <thread>1</thread>
  <message>End action : click(findTestObject(&amp;quot;Web/Home/link_transfer&amp;quot;))</message>
  <nestedLevel>1</nestedLevel>
  <escapedJava>false</escapedJava>
</record>
<record>
  <date>2026-05-13T09:25:39.974723600Z</date>
  <millis>1778664339974</millis>
  <nanos>723600</nanos>
  <sequence>978</sequence>
  <level>START</level>
  <class>com.kms.katalon.core.logging.XmlKeywordLogger</class>
  <method>startKeyword</method>
  <thread>1</thread>
  <message>Start action : driver = getWebDriver()</message>
  <nestedLevel>1</nestedLevel>
  <escapedJava>false</escapedJava>
  <property name="startLine">28</property>
  <property name="stepIndex">3</property>
</record>
<record>
  <date>2026-05-13T09:25:39.980134500Z</date>
  <millis>1778664339980</millis>
  <nanos>134500</nanos>
  <sequence>979</sequence>
  <level>END</level>
  <class>com.kms.katalon.core.logging.XmlKeywordLogger</class>
  <method>endKeyword</method>
  <thread>1</thread>
  <message>End action : driver = getWebDriver()</message>
  <nestedLevel>1</nestedLevel>
  <escapedJava>false</escapedJava>
</record>
<record>
  <date>2026-05-13T09:25:39.982134900Z</date>
  <millis>1778664339982</millis>
  <nanos>134900</nanos>
  <sequence>980</sequence>
  <level>START</level>
  <class>com.kms.katalon.core.logging.XmlKeywordLogger</class>
  <method>startKeyword</method>
  <thread>1</thread>
  <message>Start action : selectElementFrom = new org.openqa.selenium.support.ui.Select(driver.findElement(org.openqa.selenium.By.cssSelector(#fromAccountId)))</message>
  <nestedLevel>1</nestedLevel>
  <escapedJava>false</escapedJava>
  <property name="startLine">29</property>
  <property name="stepIndex">4</property>
</record>
<record>
  <date>2026-05-13T09:25:40.714951900Z</date>
  <millis>1778664340714</millis>
  <nanos>951900</nanos>
  <sequence>982</sequence>
  <level>END</level>
  <class>com.kms.katalon.core.logging.XmlKeywordLogger</class>
  <method>endKeyword</method>
  <thread>1</thread>
  <message>End action : selectElementFrom = new org.openqa.selenium.support.ui.Select(driver.findElement(org.openqa.selenium.By.cssSelector(#fromAccountId)))</message>
  <nestedLevel>1</nestedLevel>
  <escapedJava>false</escapedJava>
</record>
<record>
  <date>2026-05-13T09:25:40.714951900Z</date>
  <millis>1778664340714</millis>
  <nanos>951900</nanos>
  <sequence>983</sequence>
  <level>START</level>
  <class>com.kms.katalon.core.logging.XmlKeywordLogger</class>
  <method>startKeyword</method>
  <thread>1</thread>
  <message>Start action : selectElementTo = new org.openqa.selenium.support.ui.Select(driver.findElement(org.openqa.selenium.By.cssSelector(#toAccountId)))</message>
  <nestedLevel>1</nestedLevel>
  <escapedJava>false</escapedJava>
  <property name="startLine">30</property>
  <property name="stepIndex">5</property>
</record>
<record>
  <date>2026-05-13T09:25:41.000247700Z</date>
  <millis>1778664341000</millis>
  <nanos>247700</nanos>
  <sequence>985</sequence>
  <level>END</level>
  <class>com.kms.katalon.core.logging.XmlKeywordLogger</class>
  <method>endKeyword</method>
  <thread>1</thread>
  <message>End action : selectElementTo = new org.openqa.selenium.support.ui.Select(driver.findElement(org.openqa.selenium.By.cssSelector(#toAccountId)))</message>
  <nestedLevel>1</nestedLevel>
  <escapedJava>false</escapedJava>
</record>
<record>
  <date>2026-05-13T09:25:41.001266100Z</date>
  <millis>1778664341001</millis>
  <nanos>266100</nanos>
  <sequence>986</sequence>
  <level>START</level>
  <class>com.kms.katalon.core.logging.XmlKeywordLogger</class>
  <method>startKeyword</method>
  <thread>1</thread>
  <message>Start action : setText(findTestObject(&amp;quot;Web/Transfer/txt_amount&amp;quot;), &amp;quot;150&amp;quot;)</message>
  <nestedLevel>1</nestedLevel>
  <escapedJava>false</escapedJava>
  <property name="startLine">32</property>
  <property name="stepIndex">6</property>
</record>
<record>
  <date>2026-05-13T09:25:41.613931800Z</date>
  <millis>1778664341613</millis>
  <nanos>931800</nanos>
  <sequence>1002</sequence>
  <level>PASSED</level>
  <class>com.kms.katalon.core.logging.XmlKeywordLogger</class>
  <method>logMessage</method>
  <thread>1</thread>
  <message>Text &amp;apos;150&amp;apos; is set on object &amp;apos;Object Repository/Web/Transfer/txt_amount&amp;apos;</message>
  <nestedLevel>1</nestedLevel>
  <escapedJava>false</escapedJava>
  <property name="testops-method-name">com.kms.katalon.core.webui.keyword.builtin.SetTextKeyword.setText</property>
  <property name="testops-execution-stacktrace"></property>
</record>
<record>
  <date>2026-05-13T09:25:41.617519400Z</date>
  <millis>1778664341617</millis>
  <nanos>519400</nanos>
  <sequence>1003</sequence>
  <level>END</level>
  <class>com.kms.katalon.core.logging.XmlKeywordLogger</class>
  <method>endKeyword</method>
  <thread>1</thread>
  <message>End action : setText(findTestObject(&amp;quot;Web/Transfer/txt_amount&amp;quot;), &amp;quot;150&amp;quot;)</message>
  <nestedLevel>1</nestedLevel>
  <escapedJava>false</escapedJava>
</record>
<record>
  <date>2026-05-13T09:25:41.618503400Z</date>
  <millis>1778664341618</millis>
  <nanos>503400</nanos>
  <sequence>1004</sequence>
  <level>START</level>
  <class>com.kms.katalon.core.logging.XmlKeywordLogger</class>
  <method>startKeyword</method>
  <thread>1</thread>
  <message>Start action : options = selectElementFrom.getOptions()</message>
  <nestedLevel>1</nestedLevel>
  <escapedJava>false</escapedJava>
  <property name="startLine">34</property>
  <property name="stepIndex">7</property>
</record>
<record>
  <date>2026-05-13T09:25:41.875089300Z</date>
  <millis>1778664341875</millis>
  <nanos>89300</nanos>
  <sequence>1006</sequence>
  <level>END</level>
  <class>com.kms.katalon.core.logging.XmlKeywordLogger</class>
  <method>endKeyword</method>
  <thread>1</thread>
  <message>End action : options = selectElementFrom.getOptions()</message>
  <nestedLevel>1</nestedLevel>
  <escapedJava>false</escapedJava>
</record>
<record>
  <date>2026-05-13T09:25:41.875207600Z</date>
  <millis>1778664341875</millis>
  <nanos>207600</nanos>
  <sequence>1007</sequence>
  <level>START</level>
  <class>com.kms.katalon.core.logging.XmlKeywordLogger</class>
  <method>startKeyword</method>
  <thread>1</thread>
  <message>Start action : options.each({ java.lang.Object option -&amp;gt; ... })</message>
  <nestedLevel>1</nestedLevel>
  <escapedJava>false</escapedJava>
  <property name="startLine">35</property>
  <property name="stepIndex">8</property>
</record>
<record>
  <date>2026-05-13T09:25:41.929262700Z</date>
  <millis>1778664341929</millis>
  <nanos>262700</nanos>
  <sequence>1008</sequence>
  <level>END</level>
  <class>com.kms.katalon.core.logging.XmlKeywordLogger</class>
  <method>endKeyword</method>
  <thread>1</thread>
  <message>End action : options.each({ java.lang.Object option -&amp;gt; ... })</message>
  <nestedLevel>1</nestedLevel>
  <escapedJava>false</escapedJava>
</record>
<record>
  <date>2026-05-13T09:25:41.930289100Z</date>
  <millis>1778664341930</millis>
  <nanos>289100</nanos>
  <sequence>1009</sequence>
  <level>START</level>
  <class>com.kms.katalon.core.logging.XmlKeywordLogger</class>
  <method>startKeyword</method>
  <thread>1</thread>
  <message>Start action : fromAccount = get(0).getAttribute(&amp;quot;value&amp;quot;)</message>
  <nestedLevel>1</nestedLevel>
  <escapedJava>false</escapedJava>
  <property name="startLine">39</property>
  <property name="stepIndex">9</property>
</record>
<record>
  <date>2026-05-13T09:25:41.940170700Z</date>
  <millis>1778664341940</millis>
  <nanos>170700</nanos>
  <sequence>1010</sequence>
  <level>END</level>
  <class>com.kms.katalon.core.logging.XmlKeywordLogger</class>
  <method>endKeyword</method>
  <thread>1</thread>
  <message>End action : fromAccount = get(0).getAttribute(&amp;quot;value&amp;quot;)</message>
  <nestedLevel>1</nestedLevel>
  <escapedJava>false</escapedJava>
</record>
<record>
  <date>2026-05-13T09:25:41.940668900Z</date>
  <millis>1778664341940</millis>
  <nanos>668900</nanos>
  <sequence>1011</sequence>
  <level>START</level>
  <class>com.kms.katalon.core.logging.XmlKeywordLogger</class>
  <method>startKeyword</method>
  <thread>1</thread>
  <message>Start action : selectElementFrom.selectByValue(fromAccount)</message>
  <nestedLevel>1</nestedLevel>
  <escapedJava>false</escapedJava>
  <property name="startLine">40</property>
  <property name="stepIndex">10</property>
</record>
<record>
  <date>2026-05-13T09:25:42.275589200Z</date>
  <millis>1778664342275</millis>
  <nanos>589200</nanos>
  <sequence>1013</sequence>
  <level>END</level>
  <class>com.kms.katalon.core.logging.XmlKeywordLogger</class>
  <method>endKeyword</method>
  <thread>1</thread>
  <message>End action : selectElementFrom.selectByValue(fromAccount)</message>
  <nestedLevel>1</nestedLevel>
  <escapedJava>false</escapedJava>
</record>
<record>
  <date>2026-05-13T09:25:42.277141700Z</date>
  <millis>1778664342277</millis>
  <nanos>141700</nanos>
  <sequence>1014</sequence>
  <level>START</level>
  <class>com.kms.katalon.core.logging.XmlKeywordLogger</class>
  <method>startKeyword</method>
  <thread>1</thread>
  <message>Start action : optionsToAccount = selectElementTo.getOptions()</message>
  <nestedLevel>1</nestedLevel>
  <escapedJava>false</escapedJava>
  <property name="startLine">42</property>
  <property name="stepIndex">11</property>
</record>
<record>
  <date>2026-05-13T09:25:42.544663200Z</date>
  <millis>1778664342544</millis>
  <nanos>663200</nanos>
  <sequence>1016</sequence>
  <level>END</level>
  <class>com.kms.katalon.core.logging.XmlKeywordLogger</class>
  <method>endKeyword</method>
  <thread>1</thread>
  <message>End action : optionsToAccount = selectElementTo.getOptions()</message>
  <nestedLevel>1</nestedLevel>
  <escapedJava>false</escapedJava>
</record>
<record>
  <date>2026-05-13T09:25:42.544663200Z</date>
  <millis>1778664342544</millis>
  <nanos>663200</nanos>
  <sequence>1017</sequence>
  <level>START</level>
  <class>com.kms.katalon.core.logging.XmlKeywordLogger</class>
  <method>startKeyword</method>
  <thread>1</thread>
  <message>Start action : optionsToAccount.each({ java.lang.Object option -&amp;gt; ... })</message>
  <nestedLevel>1</nestedLevel>
  <escapedJava>false</escapedJava>
  <property name="startLine">43</property>
  <property name="stepIndex">12</property>
</record>
<record>
  <date>2026-05-13T09:25:42.598240800Z</date>
  <millis>1778664342598</millis>
  <nanos>240800</nanos>
  <sequence>1018</sequence>
  <level>END</level>
  <class>com.kms.katalon.core.logging.XmlKeywordLogger</class>
  <method>endKeyword</method>
  <thread>1</thread>
  <message>End action : optionsToAccount.each({ java.lang.Object option -&amp;gt; ... })</message>
  <nestedLevel>1</nestedLevel>
  <escapedJava>false</escapedJava>
</record>
<record>
  <date>2026-05-13T09:25:42.600232700Z</date>
  <millis>1778664342600</millis>
  <nanos>232700</nanos>
  <sequence>1019</sequence>
  <level>START</level>
  <class>com.kms.katalon.core.logging.XmlKeywordLogger</class>
  <method>startKeyword</method>
  <thread>1</thread>
  <message>Start action : toAccount = get(1).getAttribute(&amp;quot;value&amp;quot;)</message>
  <nestedLevel>1</nestedLevel>
  <escapedJava>false</escapedJava>
  <property name="startLine">47</property>
  <property name="stepIndex">13</property>
</record>
<record>
  <date>2026-05-13T09:25:42.615079400Z</date>
  <millis>1778664342615</millis>
  <nanos>79400</nanos>
  <sequence>1020</sequence>
  <level>END</level>
  <class>com.kms.katalon.core.logging.XmlKeywordLogger</class>
  <method>endKeyword</method>
  <thread>1</thread>
  <message>End action : toAccount = get(1).getAttribute(&amp;quot;value&amp;quot;)</message>
  <nestedLevel>1</nestedLevel>
  <escapedJava>false</escapedJava>
</record>
<record>
  <date>2026-05-13T09:25:42.616075300Z</date>
  <millis>1778664342616</millis>
  <nanos>75300</nanos>
  <sequence>1021</sequence>
  <level>START</level>
  <class>com.kms.katalon.core.logging.XmlKeywordLogger</class>
  <method>startKeyword</method>
  <thread>1</thread>
  <message>Start action : selectElementTo.selectByValue(toAccount)</message>
  <nestedLevel>1</nestedLevel>
  <escapedJava>false</escapedJava>
  <property name="startLine">48</property>
  <property name="stepIndex">14</property>
</record>
<record>
  <date>2026-05-13T09:25:42.931453400Z</date>
  <millis>1778664342931</millis>
  <nanos>453400</nanos>
  <sequence>1023</sequence>
  <level>END</level>
  <class>com.kms.katalon.core.logging.XmlKeywordLogger</class>
  <method>endKeyword</method>
  <thread>1</thread>
  <message>End action : selectElementTo.selectByValue(toAccount)</message>
  <nestedLevel>1</nestedLevel>
  <escapedJava>false</escapedJava>
</record>
<record>
  <date>2026-05-13T09:25:42.932449800Z</date>
  <millis>1778664342932</millis>
  <nanos>449800</nanos>
  <sequence>1024</sequence>
  <level>START</level>
  <class>com.kms.katalon.core.logging.XmlKeywordLogger</class>
  <method>startKeyword</method>
  <thread>1</thread>
  <message>Start action : click(findTestObject(&amp;quot;Web/Transfer/btn_submit&amp;quot;))</message>
  <nestedLevel>1</nestedLevel>
  <escapedJava>false</escapedJava>
  <property name="startLine">54</property>
  <property name="stepIndex">15</property>
</record>
<record>
  <date>2026-05-13T09:25:43.267700800Z</date>
  <millis>1778664343267</millis>
  <nanos>700800</nanos>
  <sequence>1034</sequence>
  <level>PASSED</level>
  <class>com.kms.katalon.core.logging.XmlKeywordLogger</class>
  <method>logMessage</method>
  <thread>1</thread>
  <message>Object: &amp;apos;Object Repository/Web/Transfer/btn_submit&amp;apos; is clicked on</message>
  <nestedLevel>1</nestedLevel>
  <escapedJava>false</escapedJava>
  <property name="testops-method-name">com.kms.katalon.core.webui.keyword.builtin.ClickKeyword.click</property>
  <property name="testops-execution-stacktrace"></property>
</record>
<record>
  <date>2026-05-13T09:25:43.270096800Z</date>
  <millis>1778664343270</millis>
  <nanos>96800</nanos>
  <sequence>1035</sequence>
  <level>END</level>
  <class>com.kms.katalon.core.logging.XmlKeywordLogger</class>
  <method>endKeyword</method>
  <thread>1</thread>
  <message>End action : click(findTestObject(&amp;quot;Web/Transfer/btn_submit&amp;quot;))</message>
  <nestedLevel>1</nestedLevel>
  <escapedJava>false</escapedJava>
</record>
<record>
  <date>2026-05-13T09:25:43.271435700Z</date>
  <millis>1778664343271</millis>
  <nanos>435700</nanos>
  <sequence>1036</sequence>
  <level>START</level>
  <class>com.kms.katalon.core.logging.XmlKeywordLogger</class>
  <method>startKeyword</method>
  <thread>1</thread>
  <message>Start action : waitForElementPresent(findTestObject(&amp;quot;Web/Transfer/lbl_successTransfer&amp;quot;), 5)</message>
  <nestedLevel>1</nestedLevel>
  <escapedJava>false</escapedJava>
  <property name="startLine">56</property>
  <property name="stepIndex">16</property>
</record>
<record>
  <date>2026-05-13T09:25:43.953023400Z</date>
  <millis>1778664343953</millis>
  <nanos>23400</nanos>
  <sequence>1044</sequence>
  <level>PASSED</level>
  <class>com.kms.katalon.core.logging.XmlKeywordLogger</class>
  <method>logMessage</method>
  <thread>1</thread>
  <message>Object &amp;apos;Object Repository/Web/Transfer/lbl_successTransfer&amp;apos; is present</message>
  <nestedLevel>1</nestedLevel>
  <escapedJava>false</escapedJava>
  <property name="testops-method-name">com.kms.katalon.core.webui.keyword.builtin.WaitForElementPresentKeyword.waitForElementPresent</property>
  <property name="testops-execution-stacktrace"></property>
</record>
<record>
  <date>2026-05-13T09:25:43.953986600Z</date>
  <millis>1778664343953</millis>
  <nanos>986600</nanos>
  <sequence>1045</sequence>
  <level>END</level>
  <class>com.kms.katalon.core.logging.XmlKeywordLogger</class>
  <method>endKeyword</method>
  <thread>1</thread>
  <message>End action : waitForElementPresent(findTestObject(&amp;quot;Web/Transfer/lbl_successTransfer&amp;quot;), 5)</message>
  <nestedLevel>1</nestedLevel>
  <escapedJava>false</escapedJava>
</record>
<record>
  <date>2026-05-13T09:25:43.953986600Z</date>
  <millis>1778664343953</millis>
  <nanos>986600</nanos>
  <sequence>1046</sequence>
  <level>START</level>
  <class>com.kms.katalon.core.logging.XmlKeywordLogger</class>
  <method>startKeyword</method>
  <thread>1</thread>
  <message>Start action : verifyElementText(findTestObject(&amp;quot;Web/Transfer/lbl_successTransfer&amp;quot;), &amp;quot;Transfer Complete!&amp;quot;)</message>
  <nestedLevel>1</nestedLevel>
  <escapedJava>false</escapedJava>
  <property name="startLine">57</property>
  <property name="stepIndex">17</property>
</record>
<record>
  <date>2026-05-13T09:25:44.229456100Z</date>
  <millis>1778664344229</millis>
  <nanos>456100</nanos>
  <sequence>1054</sequence>
  <level>PASSED</level>
  <class>com.kms.katalon.core.logging.XmlKeywordLogger</class>
  <method>logMessage</method>
  <thread>1</thread>
  <message>Actual text and expected text of test object &amp;apos;Object Repository/Web/Transfer/lbl_successTransfer&amp;apos; are matched.</message>
  <nestedLevel>1</nestedLevel>
  <escapedJava>false</escapedJava>
  <property name="testops-is-assertion">true</property>
  <property name="testops-method-name">com.kms.katalon.core.webui.keyword.builtin.VerifyElementTextKeyword.verifyElementText</property>
  <property name="testops-execution-stacktrace"></property>
</record>
<record>
  <date>2026-05-13T09:25:44.230444600Z</date>
  <millis>1778664344230</millis>
  <nanos>444600</nanos>
  <sequence>1055</sequence>
  <level>END</level>
  <class>com.kms.katalon.core.logging.XmlKeywordLogger</class>
  <method>endKeyword</method>
  <thread>1</thread>
  <message>End action : verifyElementText(findTestObject(&amp;quot;Web/Transfer/lbl_successTransfer&amp;quot;), &amp;quot;Transfer Complete!&amp;quot;)</message>
  <nestedLevel>1</nestedLevel>
  <escapedJava>false</escapedJava>
</record>
<record>
  <date>2026-05-13T09:25:44.231409Z</date>
  <millis>1778664344231</millis>
  <nanos>409000</nanos>
  <sequence>1056</sequence>
  <level>START</level>
  <class>com.kms.katalon.core.logging.XmlKeywordLogger</class>
  <method>startKeyword</method>
  <thread>1</thread>
  <message>Start action : takeScreenshot(screenshotPath + &amp;quot;TC TRF-01 Transfer Success.png&amp;quot;)</message>
  <nestedLevel>1</nestedLevel>
  <escapedJava>false</escapedJava>
  <property name="startLine">58</property>
  <property name="stepIndex">18</property>
</record>
<record>
  <date>2026-05-13T09:25:44.588156200Z</date>
  <millis>1778664344588</millis>
  <nanos>156200</nanos>
  <sequence>1058</sequence>
  <level>PASSED</level>
  <class>com.kms.katalon.core.logging.XmlKeywordLogger</class>
  <method>logMessage</method>
  <thread>1</thread>
  <message>Taking screenshot successfully</message>
  <nestedLevel>1</nestedLevel>
  <escapedJava>false</escapedJava>
  <property name="attachment">C:\Users\AVOWS\git\Katalon-Testing-web-automation\screenshot\TC TRF-01 Transfer Success.png</property>
  <property name="testops-method-name">com.kms.katalon.core.webui.keyword.builtin.TakeScreenshotKeyword.takeScreenshot</property>
  <property name="testops-execution-stacktrace"></property>
</record>
<record>
  <date>2026-05-13T09:25:44.590167700Z</date>
  <millis>1778664344590</millis>
  <nanos>167700</nanos>
  <sequence>1059</sequence>
  <level>END</level>
  <class>com.kms.katalon.core.logging.XmlKeywordLogger</class>
  <method>endKeyword</method>
  <thread>1</thread>
  <message>End action : takeScreenshot(screenshotPath + &amp;quot;TC TRF-01 Transfer Success.png&amp;quot;)</message>
  <nestedLevel>1</nestedLevel>
  <escapedJava>false</escapedJava>
</record>
<record>
  <date>2026-05-13T09:25:44.590834600Z</date>
  <millis>1778664344590</millis>
  <nanos>834600</nanos>
  <sequence>1060</sequence>
  <level>START</level>
  <class>com.kms.katalon.core.logging.XmlKeywordLogger</class>
  <method>startKeyword</method>
  <thread>1</thread>
  <message>Start action : closeBrowser()</message>
  <nestedLevel>1</nestedLevel>
  <escapedJava>false</escapedJava>
  <property name="startLine">61</property>
  <property name="stepIndex">19</property>
</record>
<record>
  <date>2026-05-13T09:25:44.907867300Z</date>
  <millis>1778664344907</millis>
  <nanos>867300</nanos>
  <sequence>1062</sequence>
  <level>PASSED</level>
  <class>com.kms.katalon.core.logging.XmlKeywordLogger</class>
  <method>logMessage</method>
  <thread>1</thread>
  <message>Browser is closed</message>
  <nestedLevel>1</nestedLevel>
  <escapedJava>false</escapedJava>
  <property name="testops-method-name">com.kms.katalon.core.webui.keyword.builtin.CloseBrowserKeyword.closeBrowser</property>
  <property name="testops-execution-stacktrace"></property>
</record>
<record>
  <date>2026-05-13T09:25:44.909093600Z</date>
  <millis>1778664344909</millis>
  <nanos>93600</nanos>
  <sequence>1063</sequence>
  <level>END</level>
  <class>com.kms.katalon.core.logging.XmlKeywordLogger</class>
  <method>endKeyword</method>
  <thread>1</thread>
  <message>End action : closeBrowser()</message>
  <nestedLevel>1</nestedLevel>
  <escapedJava>false</escapedJava>
</record>
<record>
  <date>2026-05-13T09:25:44.910089100Z</date>
  <millis>1778664344910</millis>
  <nanos>89100</nanos>
  <sequence>1064</sequence>
  <level>START</level>
  <class>com.kms.katalon.core.logging.XmlKeywordLogger</class>
  <method>startKeyword</method>
  <thread>1</thread>
  <message>Start action : println(&amp;quot;TC-TRF-01 -Transfer Pass!&amp;quot;)</message>
  <nestedLevel>1</nestedLevel>
  <escapedJava>false</escapedJava>
  <property name="startLine">62</property>
  <property name="stepIndex">20</property>
</record>
<record>
  <date>2026-05-13T09:25:44.911130500Z</date>
  <millis>1778664344911</millis>
  <nanos>130500</nanos>
  <sequence>1065</sequence>
  <level>END</level>
  <class>com.kms.katalon.core.logging.XmlKeywordLogger</class>
  <method>endKeyword</method>
  <thread>1</thread>
  <message>End action : println(&amp;quot;TC-TRF-01 -Transfer Pass!&amp;quot;)</message>
  <nestedLevel>1</nestedLevel>
  <escapedJava>false</escapedJava>
</record>
<record>
  <date>2026-05-13T09:25:44.912082100Z</date>
  <millis>1778664344912</millis>
  <nanos>82100</nanos>
  <sequence>1066</sequence>
  <level>PASSED</level>
  <class>com.kms.katalon.core.logging.XmlKeywordLogger</class>
  <method>logMessage</method>
  <thread>1</thread>
  <message>Test Cases/Web/Transfer Found/TC TRF-01</message>
  <nestedLevel>1</nestedLevel>
  <escapedJava>false</escapedJava>
</record>
<record>
  <date>2026-05-13T09:25:44.913078700Z</date>
  <millis>1778664344913</millis>
  <nanos>78700</nanos>
  <sequence>1067</sequence>
  <level>END</level>
  <class>com.kms.katalon.core.logging.XmlKeywordLogger</class>
  <method>endTest</method>
  <thread>1</thread>
  <message>End Test Case : Test Cases/Web/Transfer Found/TC TRF-01</message>
  <nestedLevel>0</nestedLevel>
  <escapedJava>false</escapedJava>
  <property name="executionBindingVariables">[]</property>
  <property name="applitools">false</property>
  <property name="keywordsUsage">{
  &quot;web_ui&quot;: true,
  &quot;web_service&quot;: false,
  &quot;cucumber&quot;: false,
  &quot;builtin&quot;: false,
  &quot;mobile&quot;: false,
  &quot;windows&quot;: false,
  &quot;testng&quot;: false
}</property>
</record>
<record>
  <date>2026-05-13T09:25:44.919026Z</date>
  <millis>1778664344919</millis>
  <nanos>26000</nanos>
  <sequence>1068</sequence>
  <level>START</level>
  <class>com.kms.katalon.core.logging.XmlKeywordLogger</class>
  <method>startTest</method>
  <thread>1</thread>
  <message>Start Test Case : Test Cases/Web/Transfer Found/TC TRF-02</message>
  <nestedLevel>1</nestedLevel>
  <escapedJava>false</escapedJava>
  <property name="name">Test Cases/Web/Transfer Found/TC TRF-02</property>
  <property name="description"></property>
  <property name="iteration"></property>
  <property name="id">Test Cases/Web/Transfer Found/TC TRF-02</property>
  <property name="source">C:\Users\AVOWS\git\Katalon-Testing-web-automation\Test Cases\Web\Transfer Found\TC TRF-02.tc</property>
  <property name="tag"></property>
  <property name="isOptional">false</property>
</record>
<record>
  <date>2026-05-13T09:25:45.215909800Z</date>
  <millis>1778664345215</millis>
  <nanos>909800</nanos>
  <sequence>1070</sequence>
  <level>START</level>
  <class>com.kms.katalon.core.logging.XmlKeywordLogger</class>
  <method>startKeyword</method>
  <thread>1</thread>
  <message>Start action : common.WebHelper.login(&amp;quot;Haryadi01&amp;quot;, &amp;quot;qwerty123&amp;quot;)</message>
  <nestedLevel>1</nestedLevel>
  <escapedJava>false</escapedJava>
  <property name="startLine">24</property>
  <property name="stepIndex">1</property>
</record>
<record>
  <date>2026-05-13T09:25:45.221190Z</date>
  <millis>1778664345221</millis>
  <nanos>190000</nanos>
  <sequence>1072</sequence>
  <level>INFO</level>
  <class>com.kms.katalon.core.logging.XmlKeywordLogger</class>
  <method>logMessage</method>
  <thread>1</thread>
  <message>Starting &amp;apos;Chrome&amp;apos; driver</message>
  <nestedLevel>1</nestedLevel>
  <escapedJava>false</escapedJava>
</record>
<record>
  <date>2026-05-13T09:25:45.223229500Z</date>
  <millis>1778664345223</millis>
  <nanos>229500</nanos>
  <sequence>1073</sequence>
  <level>INFO</level>
  <class>com.kms.katalon.core.logging.XmlKeywordLogger</class>
  <method>logMessage</method>
  <thread>1</thread>
  <message>Action delay is set to 0 milliseconds</message>
  <nestedLevel>1</nestedLevel>
  <escapedJava>false</escapedJava>
</record>
<record>
  <date>2026-05-13T09:25:47.561881200Z</date>
  <millis>1778664347561</millis>
  <nanos>881200</nanos>
  <sequence>1076</sequence>
  <level>RUN_DATA</level>
  <class>com.kms.katalon.core.logging.XmlKeywordLogger</class>
  <method>logMessage</method>
  <thread>1</thread>
  <message>sessionId = 5edd893affe9e8fa03a52a29e0758f64</message>
  <nestedLevel>1</nestedLevel>
  <escapedJava>false</escapedJava>
  <property name="sessionId">5edd893affe9e8fa03a52a29e0758f64</property>
</record>
<record>
  <date>2026-05-13T09:25:47.563054Z</date>
  <millis>1778664347563</millis>
  <nanos>54000</nanos>
  <sequence>1077</sequence>
  <level>RUN_DATA</level>
  <class>com.kms.katalon.core.logging.XmlKeywordLogger</class>
  <method>logMessage</method>
  <thread>1</thread>
  <message>browser = Chrome 147.0.7727.138</message>
  <nestedLevel>1</nestedLevel>
  <escapedJava>false</escapedJava>
  <property name="browser">Chrome 147.0.7727.138</property>
</record>
<record>
  <date>2026-05-13T09:25:47.564123Z</date>
  <millis>1778664347564</millis>
  <nanos>123000</nanos>
  <sequence>1078</sequence>
  <level>RUN_DATA</level>
  <class>com.kms.katalon.core.logging.XmlKeywordLogger</class>
  <method>logMessage</method>
  <thread>1</thread>
  <message>platform = Windows 10</message>
  <nestedLevel>1</nestedLevel>
  <escapedJava>false</escapedJava>
  <property name="platform">Windows 10</property>
</record>
<record>
  <date>2026-05-13T09:25:47.565198400Z</date>
  <millis>1778664347565</millis>
  <nanos>198400</nanos>
  <sequence>1079</sequence>
  <level>RUN_DATA</level>
  <class>com.kms.katalon.core.logging.XmlKeywordLogger</class>
  <method>logMessage</method>
  <thread>1</thread>
  <message>seleniumVersion = 4.28.1</message>
  <nestedLevel>1</nestedLevel>
  <escapedJava>false</escapedJava>
  <property name="seleniumVersion">4.28.1</property>
</record>
<record>
  <date>2026-05-13T09:25:47.566398600Z</date>
  <millis>1778664347566</millis>
  <nanos>398600</nanos>
  <sequence>1080</sequence>
  <level>RUN_DATA</level>
  <class>com.kms.katalon.core.logging.XmlKeywordLogger</class>
  <method>logMessage</method>
  <thread>1</thread>
  <message>proxyInformation = ProxyInformation { proxyOption=NO_PROXY, proxyServerType=HTTP, username=, password=********, proxyServerAddress=, proxyServerPort=0, executionList=&amp;quot;&amp;quot;, isApplyToDesiredCapabilities=true }</message>
  <nestedLevel>1</nestedLevel>
  <escapedJava>false</escapedJava>
  <property name="proxyInformation">ProxyInformation { proxyOption=NO_PROXY, proxyServerType=HTTP, username=, password=********, proxyServerAddress=, proxyServerPort=0, executionList=&quot;&quot;, isApplyToDesiredCapabilities=true }</property>
</record>
<record>
  <date>2026-05-13T09:25:48.922723600Z</date>
  <millis>1778664348922</millis>
  <nanos>723600</nanos>
  <sequence>1082</sequence>
  <level>PASSED</level>
  <class>com.kms.katalon.core.logging.XmlKeywordLogger</class>
  <method>logMessage</method>
  <thread>1</thread>
  <message>Browser is opened with url: &amp;apos;https://parabank.parasoft.com&amp;apos;</message>
  <nestedLevel>1</nestedLevel>
  <escapedJava>false</escapedJava>
  <property name="testops-method-name">com.kms.katalon.core.webui.keyword.builtin.OpenBrowserKeyword.openBrowser</property>
  <property name="testops-execution-stacktrace"></property>
</record>
<record>
  <date>2026-05-13T09:25:49.791883900Z</date>
  <millis>1778664349791</millis>
  <nanos>883900</nanos>
  <sequence>1098</sequence>
  <level>PASSED</level>
  <class>com.kms.katalon.core.logging.XmlKeywordLogger</class>
  <method>logMessage</method>
  <thread>1</thread>
  <message>Text &amp;apos;Haryadi01&amp;apos; is set on object &amp;apos;Object Repository/Web/Login/txt_username&amp;apos;</message>
  <nestedLevel>1</nestedLevel>
  <escapedJava>false</escapedJava>
  <property name="testops-method-name">com.kms.katalon.core.webui.keyword.builtin.SetTextKeyword.setText</property>
  <property name="testops-execution-stacktrace"></property>
</record>
<record>
  <date>2026-05-13T09:25:50.405840300Z</date>
  <millis>1778664350405</millis>
  <nanos>840300</nanos>
  <sequence>1114</sequence>
  <level>PASSED</level>
  <class>com.kms.katalon.core.logging.XmlKeywordLogger</class>
  <method>logMessage</method>
  <thread>1</thread>
  <message>Text &amp;apos;qwerty123&amp;apos; is set on object &amp;apos;Object Repository/Web/Login/txt_password&amp;apos;</message>
  <nestedLevel>1</nestedLevel>
  <escapedJava>false</escapedJava>
  <property name="testops-method-name">com.kms.katalon.core.webui.keyword.builtin.SetTextKeyword.setText</property>
  <property name="testops-execution-stacktrace"></property>
</record>
<record>
  <date>2026-05-13T09:25:51.248212800Z</date>
  <millis>1778664351248</millis>
  <nanos>212800</nanos>
  <sequence>1124</sequence>
  <level>PASSED</level>
  <class>com.kms.katalon.core.logging.XmlKeywordLogger</class>
  <method>logMessage</method>
  <thread>1</thread>
  <message>Object: &amp;apos;Object Repository/Web/Login/btn_login&amp;apos; is clicked on</message>
  <nestedLevel>1</nestedLevel>
  <escapedJava>false</escapedJava>
  <property name="testops-method-name">com.kms.katalon.core.webui.keyword.builtin.ClickKeyword.click</property>
  <property name="testops-execution-stacktrace"></property>
</record>
<record>
  <date>2026-05-13T09:25:51.249677800Z</date>
  <millis>1778664351249</millis>
  <nanos>677800</nanos>
  <sequence>1125</sequence>
  <level>PASSED</level>
  <class>com.kms.katalon.core.logging.XmlKeywordLogger</class>
  <method>logMessage</method>
  <thread>1</thread>
  <message>common.WebHelper.login is PASSED</message>
  <nestedLevel>1</nestedLevel>
  <escapedJava>false</escapedJava>
</record>
<record>
  <date>2026-05-13T09:25:51.252181500Z</date>
  <millis>1778664351252</millis>
  <nanos>181500</nanos>
  <sequence>1126</sequence>
  <level>END</level>
  <class>com.kms.katalon.core.logging.XmlKeywordLogger</class>
  <method>endKeyword</method>
  <thread>1</thread>
  <message>End action : common.WebHelper.login(&amp;quot;Haryadi01&amp;quot;, &amp;quot;qwerty123&amp;quot;)</message>
  <nestedLevel>1</nestedLevel>
  <escapedJava>false</escapedJava>
</record>
<record>
  <date>2026-05-13T09:25:51.252181500Z</date>
  <millis>1778664351252</millis>
  <nanos>181500</nanos>
  <sequence>1127</sequence>
  <level>START</level>
  <class>com.kms.katalon.core.logging.XmlKeywordLogger</class>
  <method>startKeyword</method>
  <thread>1</thread>
  <message>Start action : click(findTestObject(&amp;quot;Web/Home/link_transfer&amp;quot;))</message>
  <nestedLevel>1</nestedLevel>
  <escapedJava>false</escapedJava>
  <property name="startLine">26</property>
  <property name="stepIndex">2</property>
</record>
<record>
  <date>2026-05-13T09:25:52.395115900Z</date>
  <millis>1778664352395</millis>
  <nanos>115900</nanos>
  <sequence>1137</sequence>
  <level>PASSED</level>
  <class>com.kms.katalon.core.logging.XmlKeywordLogger</class>
  <method>logMessage</method>
  <thread>1</thread>
  <message>Object: &amp;apos;Object Repository/Web/Home/link_transfer&amp;apos; is clicked on</message>
  <nestedLevel>1</nestedLevel>
  <escapedJava>false</escapedJava>
  <property name="testops-method-name">com.kms.katalon.core.webui.keyword.builtin.ClickKeyword.click</property>
  <property name="testops-execution-stacktrace"></property>
</record>
<record>
  <date>2026-05-13T09:25:52.402095Z</date>
  <millis>1778664352402</millis>
  <nanos>95000</nanos>
  <sequence>1138</sequence>
  <level>END</level>
  <class>com.kms.katalon.core.logging.XmlKeywordLogger</class>
  <method>endKeyword</method>
  <thread>1</thread>
  <message>End action : click(findTestObject(&amp;quot;Web/Home/link_transfer&amp;quot;))</message>
  <nestedLevel>1</nestedLevel>
  <escapedJava>false</escapedJava>
</record>
<record>
  <date>2026-05-13T09:25:52.403788800Z</date>
  <millis>1778664352403</millis>
  <nanos>788800</nanos>
  <sequence>1139</sequence>
  <level>START</level>
  <class>com.kms.katalon.core.logging.XmlKeywordLogger</class>
  <method>startKeyword</method>
  <thread>1</thread>
  <message>Start action : setText(findTestObject(&amp;quot;Web/Transfer/txt_amount&amp;quot;), &amp;quot;&amp;quot;)</message>
  <nestedLevel>1</nestedLevel>
  <escapedJava>false</escapedJava>
  <property name="startLine">28</property>
  <property name="stepIndex">3</property>
</record>
<record>
  <date>2026-05-13T09:25:53.417271700Z</date>
  <millis>1778664353417</millis>
  <nanos>271700</nanos>
  <sequence>1155</sequence>
  <level>PASSED</level>
  <class>com.kms.katalon.core.logging.XmlKeywordLogger</class>
  <method>logMessage</method>
  <thread>1</thread>
  <message>Text &amp;apos;&amp;apos; is set on object &amp;apos;Object Repository/Web/Transfer/txt_amount&amp;apos;</message>
  <nestedLevel>1</nestedLevel>
  <escapedJava>false</escapedJava>
  <property name="testops-method-name">com.kms.katalon.core.webui.keyword.builtin.SetTextKeyword.setText</property>
  <property name="testops-execution-stacktrace"></property>
</record>
<record>
  <date>2026-05-13T09:25:53.418279Z</date>
  <millis>1778664353418</millis>
  <nanos>279000</nanos>
  <sequence>1156</sequence>
  <level>END</level>
  <class>com.kms.katalon.core.logging.XmlKeywordLogger</class>
  <method>endKeyword</method>
  <thread>1</thread>
  <message>End action : setText(findTestObject(&amp;quot;Web/Transfer/txt_amount&amp;quot;), &amp;quot;&amp;quot;)</message>
  <nestedLevel>1</nestedLevel>
  <escapedJava>false</escapedJava>
</record>
<record>
  <date>2026-05-13T09:25:53.419265100Z</date>
  <millis>1778664353419</millis>
  <nanos>265100</nanos>
  <sequence>1157</sequence>
  <level>START</level>
  <class>com.kms.katalon.core.logging.XmlKeywordLogger</class>
  <method>startKeyword</method>
  <thread>1</thread>
  <message>Start action : driver = getWebDriver()</message>
  <nestedLevel>1</nestedLevel>
  <escapedJava>false</escapedJava>
  <property name="startLine">30</property>
  <property name="stepIndex">4</property>
</record>
<record>
  <date>2026-05-13T09:25:53.420274800Z</date>
  <millis>1778664353420</millis>
  <nanos>274800</nanos>
  <sequence>1158</sequence>
  <level>END</level>
  <class>com.kms.katalon.core.logging.XmlKeywordLogger</class>
  <method>endKeyword</method>
  <thread>1</thread>
  <message>End action : driver = getWebDriver()</message>
  <nestedLevel>1</nestedLevel>
  <escapedJava>false</escapedJava>
</record>
<record>
  <date>2026-05-13T09:25:53.421259500Z</date>
  <millis>1778664353421</millis>
  <nanos>259500</nanos>
  <sequence>1159</sequence>
  <level>START</level>
  <class>com.kms.katalon.core.logging.XmlKeywordLogger</class>
  <method>startKeyword</method>
  <thread>1</thread>
  <message>Start action : selectElementFrom = new org.openqa.selenium.support.ui.Select(driver.findElement(org.openqa.selenium.By.cssSelector(#fromAccountId)))</message>
  <nestedLevel>1</nestedLevel>
  <escapedJava>false</escapedJava>
  <property name="startLine">31</property>
  <property name="stepIndex">5</property>
</record>
<record>
  <date>2026-05-13T09:25:53.723109900Z</date>
  <millis>1778664353723</millis>
  <nanos>109900</nanos>
  <sequence>1161</sequence>
  <level>END</level>
  <class>com.kms.katalon.core.logging.XmlKeywordLogger</class>
  <method>endKeyword</method>
  <thread>1</thread>
  <message>End action : selectElementFrom = new org.openqa.selenium.support.ui.Select(driver.findElement(org.openqa.selenium.By.cssSelector(#fromAccountId)))</message>
  <nestedLevel>1</nestedLevel>
  <escapedJava>false</escapedJava>
</record>
<record>
  <date>2026-05-13T09:25:53.724105200Z</date>
  <millis>1778664353724</millis>
  <nanos>105200</nanos>
  <sequence>1162</sequence>
  <level>START</level>
  <class>com.kms.katalon.core.logging.XmlKeywordLogger</class>
  <method>startKeyword</method>
  <thread>1</thread>
  <message>Start action : selectElementTo = new org.openqa.selenium.support.ui.Select(driver.findElement(org.openqa.selenium.By.cssSelector(#toAccountId)))</message>
  <nestedLevel>1</nestedLevel>
  <escapedJava>false</escapedJava>
  <property name="startLine">32</property>
  <property name="stepIndex">6</property>
</record>
<record>
  <date>2026-05-13T09:25:54.005538900Z</date>
  <millis>1778664354005</millis>
  <nanos>538900</nanos>
  <sequence>1164</sequence>
  <level>END</level>
  <class>com.kms.katalon.core.logging.XmlKeywordLogger</class>
  <method>endKeyword</method>
  <thread>1</thread>
  <message>End action : selectElementTo = new org.openqa.selenium.support.ui.Select(driver.findElement(org.openqa.selenium.By.cssSelector(#toAccountId)))</message>
  <nestedLevel>1</nestedLevel>
  <escapedJava>false</escapedJava>
</record>
<record>
  <date>2026-05-13T09:25:54.006534700Z</date>
  <millis>1778664354006</millis>
  <nanos>534700</nanos>
  <sequence>1165</sequence>
  <level>START</level>
  <class>com.kms.katalon.core.logging.XmlKeywordLogger</class>
  <method>startKeyword</method>
  <thread>1</thread>
  <message>Start action : setText(findTestObject(&amp;quot;Web/Transfer/txt_amount&amp;quot;), &amp;quot;&amp;quot;)</message>
  <nestedLevel>1</nestedLevel>
  <escapedJava>false</escapedJava>
  <property name="startLine">34</property>
  <property name="stepIndex">7</property>
</record>
<record>
  <date>2026-05-13T09:25:54.573793700Z</date>
  <millis>1778664354573</millis>
  <nanos>793700</nanos>
  <sequence>1181</sequence>
  <level>PASSED</level>
  <class>com.kms.katalon.core.logging.XmlKeywordLogger</class>
  <method>logMessage</method>
  <thread>1</thread>
  <message>Text &amp;apos;&amp;apos; is set on object &amp;apos;Object Repository/Web/Transfer/txt_amount&amp;apos;</message>
  <nestedLevel>1</nestedLevel>
  <escapedJava>false</escapedJava>
  <property name="testops-method-name">com.kms.katalon.core.webui.keyword.builtin.SetTextKeyword.setText</property>
  <property name="testops-execution-stacktrace"></property>
</record>
<record>
  <date>2026-05-13T09:25:54.575747600Z</date>
  <millis>1778664354575</millis>
  <nanos>747600</nanos>
  <sequence>1182</sequence>
  <level>END</level>
  <class>com.kms.katalon.core.logging.XmlKeywordLogger</class>
  <method>endKeyword</method>
  <thread>1</thread>
  <message>End action : setText(findTestObject(&amp;quot;Web/Transfer/txt_amount&amp;quot;), &amp;quot;&amp;quot;)</message>
  <nestedLevel>1</nestedLevel>
  <escapedJava>false</escapedJava>
</record>
<record>
  <date>2026-05-13T09:25:54.576742900Z</date>
  <millis>1778664354576</millis>
  <nanos>742900</nanos>
  <sequence>1183</sequence>
  <level>START</level>
  <class>com.kms.katalon.core.logging.XmlKeywordLogger</class>
  <method>startKeyword</method>
  <thread>1</thread>
  <message>Start action : options = selectElementFrom.getOptions()</message>
  <nestedLevel>1</nestedLevel>
  <escapedJava>false</escapedJava>
  <property name="startLine">36</property>
  <property name="stepIndex">8</property>
</record>
<record>
  <date>2026-05-13T09:25:54.840108400Z</date>
  <millis>1778664354840</millis>
  <nanos>108400</nanos>
  <sequence>1185</sequence>
  <level>END</level>
  <class>com.kms.katalon.core.logging.XmlKeywordLogger</class>
  <method>endKeyword</method>
  <thread>1</thread>
  <message>End action : options = selectElementFrom.getOptions()</message>
  <nestedLevel>1</nestedLevel>
  <escapedJava>false</escapedJava>
</record>
<record>
  <date>2026-05-13T09:25:54.841108Z</date>
  <millis>1778664354841</millis>
  <nanos>108000</nanos>
  <sequence>1186</sequence>
  <level>START</level>
  <class>com.kms.katalon.core.logging.XmlKeywordLogger</class>
  <method>startKeyword</method>
  <thread>1</thread>
  <message>Start action : options.each({ java.lang.Object option -&amp;gt; ... })</message>
  <nestedLevel>1</nestedLevel>
  <escapedJava>false</escapedJava>
  <property name="startLine">37</property>
  <property name="stepIndex">9</property>
</record>
<record>
  <date>2026-05-13T09:25:54.894422700Z</date>
  <millis>1778664354894</millis>
  <nanos>422700</nanos>
  <sequence>1187</sequence>
  <level>END</level>
  <class>com.kms.katalon.core.logging.XmlKeywordLogger</class>
  <method>endKeyword</method>
  <thread>1</thread>
  <message>End action : options.each({ java.lang.Object option -&amp;gt; ... })</message>
  <nestedLevel>1</nestedLevel>
  <escapedJava>false</escapedJava>
</record>
<record>
  <date>2026-05-13T09:25:54.894920100Z</date>
  <millis>1778664354894</millis>
  <nanos>920100</nanos>
  <sequence>1188</sequence>
  <level>START</level>
  <class>com.kms.katalon.core.logging.XmlKeywordLogger</class>
  <method>startKeyword</method>
  <thread>1</thread>
  <message>Start action : fromAccount = get(0).getAttribute(&amp;quot;value&amp;quot;)</message>
  <nestedLevel>1</nestedLevel>
  <escapedJava>false</escapedJava>
  <property name="startLine">41</property>
  <property name="stepIndex">10</property>
</record>
<record>
  <date>2026-05-13T09:25:54.902938800Z</date>
  <millis>1778664354902</millis>
  <nanos>938800</nanos>
  <sequence>1189</sequence>
  <level>END</level>
  <class>com.kms.katalon.core.logging.XmlKeywordLogger</class>
  <method>endKeyword</method>
  <thread>1</thread>
  <message>End action : fromAccount = get(0).getAttribute(&amp;quot;value&amp;quot;)</message>
  <nestedLevel>1</nestedLevel>
  <escapedJava>false</escapedJava>
</record>
<record>
  <date>2026-05-13T09:25:54.903943700Z</date>
  <millis>1778664354903</millis>
  <nanos>943700</nanos>
  <sequence>1190</sequence>
  <level>START</level>
  <class>com.kms.katalon.core.logging.XmlKeywordLogger</class>
  <method>startKeyword</method>
  <thread>1</thread>
  <message>Start action : selectElementFrom.selectByValue(fromAccount)</message>
  <nestedLevel>1</nestedLevel>
  <escapedJava>false</escapedJava>
  <property name="startLine">42</property>
  <property name="stepIndex">11</property>
</record>
<record>
  <date>2026-05-13T09:25:55.206867800Z</date>
  <millis>1778664355206</millis>
  <nanos>867800</nanos>
  <sequence>1192</sequence>
  <level>END</level>
  <class>com.kms.katalon.core.logging.XmlKeywordLogger</class>
  <method>endKeyword</method>
  <thread>1</thread>
  <message>End action : selectElementFrom.selectByValue(fromAccount)</message>
  <nestedLevel>1</nestedLevel>
  <escapedJava>false</escapedJava>
</record>
<record>
  <date>2026-05-13T09:25:55.207942Z</date>
  <millis>1778664355207</millis>
  <nanos>942000</nanos>
  <sequence>1193</sequence>
  <level>START</level>
  <class>com.kms.katalon.core.logging.XmlKeywordLogger</class>
  <method>startKeyword</method>
  <thread>1</thread>
  <message>Start action : optionsToAccount = selectElementTo.getOptions()</message>
  <nestedLevel>1</nestedLevel>
  <escapedJava>false</escapedJava>
  <property name="startLine">44</property>
  <property name="stepIndex">12</property>
</record>
<record>
  <date>2026-05-13T09:25:55.477571Z</date>
  <millis>1778664355477</millis>
  <nanos>571000</nanos>
  <sequence>1195</sequence>
  <level>END</level>
  <class>com.kms.katalon.core.logging.XmlKeywordLogger</class>
  <method>endKeyword</method>
  <thread>1</thread>
  <message>End action : optionsToAccount = selectElementTo.getOptions()</message>
  <nestedLevel>1</nestedLevel>
  <escapedJava>false</escapedJava>
</record>
<record>
  <date>2026-05-13T09:25:55.478564100Z</date>
  <millis>1778664355478</millis>
  <nanos>564100</nanos>
  <sequence>1196</sequence>
  <level>START</level>
  <class>com.kms.katalon.core.logging.XmlKeywordLogger</class>
  <method>startKeyword</method>
  <thread>1</thread>
  <message>Start action : optionsToAccount.each({ java.lang.Object option -&amp;gt; ... })</message>
  <nestedLevel>1</nestedLevel>
  <escapedJava>false</escapedJava>
  <property name="startLine">45</property>
  <property name="stepIndex">13</property>
</record>
<record>
  <date>2026-05-13T09:25:55.524308300Z</date>
  <millis>1778664355524</millis>
  <nanos>308300</nanos>
  <sequence>1197</sequence>
  <level>END</level>
  <class>com.kms.katalon.core.logging.XmlKeywordLogger</class>
  <method>endKeyword</method>
  <thread>1</thread>
  <message>End action : optionsToAccount.each({ java.lang.Object option -&amp;gt; ... })</message>
  <nestedLevel>1</nestedLevel>
  <escapedJava>false</escapedJava>
</record>
<record>
  <date>2026-05-13T09:25:55.525300700Z</date>
  <millis>1778664355525</millis>
  <nanos>300700</nanos>
  <sequence>1198</sequence>
  <level>START</level>
  <class>com.kms.katalon.core.logging.XmlKeywordLogger</class>
  <method>startKeyword</method>
  <thread>1</thread>
  <message>Start action : toAccount = get(1).getAttribute(&amp;quot;value&amp;quot;)</message>
  <nestedLevel>1</nestedLevel>
  <escapedJava>false</escapedJava>
  <property name="startLine">49</property>
  <property name="stepIndex">14</property>
</record>
<record>
  <date>2026-05-13T09:25:55.535890300Z</date>
  <millis>1778664355535</millis>
  <nanos>890300</nanos>
  <sequence>1199</sequence>
  <level>END</level>
  <class>com.kms.katalon.core.logging.XmlKeywordLogger</class>
  <method>endKeyword</method>
  <thread>1</thread>
  <message>End action : toAccount = get(1).getAttribute(&amp;quot;value&amp;quot;)</message>
  <nestedLevel>1</nestedLevel>
  <escapedJava>false</escapedJava>
</record>
<record>
  <date>2026-05-13T09:25:55.536888100Z</date>
  <millis>1778664355536</millis>
  <nanos>888100</nanos>
  <sequence>1200</sequence>
  <level>START</level>
  <class>com.kms.katalon.core.logging.XmlKeywordLogger</class>
  <method>startKeyword</method>
  <thread>1</thread>
  <message>Start action : selectElementTo.selectByValue(toAccount)</message>
  <nestedLevel>1</nestedLevel>
  <escapedJava>false</escapedJava>
  <property name="startLine">50</property>
  <property name="stepIndex">15</property>
</record>
<record>
  <date>2026-05-13T09:25:55.864912900Z</date>
  <millis>1778664355864</millis>
  <nanos>912900</nanos>
  <sequence>1202</sequence>
  <level>END</level>
  <class>com.kms.katalon.core.logging.XmlKeywordLogger</class>
  <method>endKeyword</method>
  <thread>1</thread>
  <message>End action : selectElementTo.selectByValue(toAccount)</message>
  <nestedLevel>1</nestedLevel>
  <escapedJava>false</escapedJava>
</record>
<record>
  <date>2026-05-13T09:25:55.866144500Z</date>
  <millis>1778664355866</millis>
  <nanos>144500</nanos>
  <sequence>1203</sequence>
  <level>START</level>
  <class>com.kms.katalon.core.logging.XmlKeywordLogger</class>
  <method>startKeyword</method>
  <thread>1</thread>
  <message>Start action : click(findTestObject(&amp;quot;Web/Transfer/btn_submit&amp;quot;))</message>
  <nestedLevel>1</nestedLevel>
  <escapedJava>false</escapedJava>
  <property name="startLine">56</property>
  <property name="stepIndex">16</property>
</record>
<record>
  <date>2026-05-13T09:25:56.207058Z</date>
  <millis>1778664356207</millis>
  <nanos>58000</nanos>
  <sequence>1213</sequence>
  <level>PASSED</level>
  <class>com.kms.katalon.core.logging.XmlKeywordLogger</class>
  <method>logMessage</method>
  <thread>1</thread>
  <message>Object: &amp;apos;Object Repository/Web/Transfer/btn_submit&amp;apos; is clicked on</message>
  <nestedLevel>1</nestedLevel>
  <escapedJava>false</escapedJava>
  <property name="testops-method-name">com.kms.katalon.core.webui.keyword.builtin.ClickKeyword.click</property>
  <property name="testops-execution-stacktrace"></property>
</record>
<record>
  <date>2026-05-13T09:25:56.209674200Z</date>
  <millis>1778664356209</millis>
  <nanos>674200</nanos>
  <sequence>1214</sequence>
  <level>END</level>
  <class>com.kms.katalon.core.logging.XmlKeywordLogger</class>
  <method>endKeyword</method>
  <thread>1</thread>
  <message>End action : click(findTestObject(&amp;quot;Web/Transfer/btn_submit&amp;quot;))</message>
  <nestedLevel>1</nestedLevel>
  <escapedJava>false</escapedJava>
</record>
<record>
  <date>2026-05-13T09:25:56.210665200Z</date>
  <millis>1778664356210</millis>
  <nanos>665200</nanos>
  <sequence>1215</sequence>
  <level>START</level>
  <class>com.kms.katalon.core.logging.XmlKeywordLogger</class>
  <method>startKeyword</method>
  <thread>1</thread>
  <message>Start action : waitForElementPresent(findTestObject(&amp;quot;Web/Transfer/lbl_failTransfer&amp;quot;), 5)</message>
  <nestedLevel>1</nestedLevel>
  <escapedJava>false</escapedJava>
  <property name="startLine">58</property>
  <property name="stepIndex">17</property>
</record>
<record>
  <date>2026-05-13T09:25:56.575414900Z</date>
  <millis>1778664356575</millis>
  <nanos>414900</nanos>
  <sequence>1223</sequence>
  <level>PASSED</level>
  <class>com.kms.katalon.core.logging.XmlKeywordLogger</class>
  <method>logMessage</method>
  <thread>1</thread>
  <message>Object &amp;apos;Object Repository/Web/Transfer/lbl_failTransfer&amp;apos; is present</message>
  <nestedLevel>1</nestedLevel>
  <escapedJava>false</escapedJava>
  <property name="testops-method-name">com.kms.katalon.core.webui.keyword.builtin.WaitForElementPresentKeyword.waitForElementPresent</property>
  <property name="testops-execution-stacktrace"></property>
</record>
<record>
  <date>2026-05-13T09:25:56.576445900Z</date>
  <millis>1778664356576</millis>
  <nanos>445900</nanos>
  <sequence>1224</sequence>
  <level>END</level>
  <class>com.kms.katalon.core.logging.XmlKeywordLogger</class>
  <method>endKeyword</method>
  <thread>1</thread>
  <message>End action : waitForElementPresent(findTestObject(&amp;quot;Web/Transfer/lbl_failTransfer&amp;quot;), 5)</message>
  <nestedLevel>1</nestedLevel>
  <escapedJava>false</escapedJava>
</record>
<record>
  <date>2026-05-13T09:25:56.577357800Z</date>
  <millis>1778664356577</millis>
  <nanos>357800</nanos>
  <sequence>1225</sequence>
  <level>START</level>
  <class>com.kms.katalon.core.logging.XmlKeywordLogger</class>
  <method>startKeyword</method>
  <thread>1</thread>
  <message>Start action : verifyElementText(findTestObject(&amp;quot;Web/Transfer/lbl_failTransfer&amp;quot;), &amp;quot;The amount cannot be empty.&amp;quot;)</message>
  <nestedLevel>1</nestedLevel>
  <escapedJava>false</escapedJava>
  <property name="startLine">59</property>
  <property name="stepIndex">18</property>
</record>
<record>
  <date>2026-05-13T09:25:56.990205400Z</date>
  <millis>1778664356990</millis>
  <nanos>205400</nanos>
  <sequence>1236</sequence>
  <level>FAILED</level>
  <class>com.kms.katalon.core.logging.XmlKeywordLogger</class>
  <method>logMessage</method>
  <thread>1</thread>
  <message>Actual text &amp;apos;Error!&amp;apos; and expected text &amp;apos;The amount cannot be empty.&amp;apos; of test object &amp;apos;Object Repository/Web/Transfer/lbl_failTransfer&amp;apos; are NOT matched. (Root cause: com.kms.katalon.core.exception.StepFailedException: Actual text &amp;apos;Error!&amp;apos; and expected text &amp;apos;The amount cannot be empty.&amp;apos; of test object &amp;apos;Object Repository/Web/Transfer/lbl_failTransfer&amp;apos; are NOT matched.
	at com.kms.katalon.core.webui.keyword.internal.WebUIKeywordMain.stepFailed(WebUIKeywordMain.groovy:118)
	at com.kms.katalon.core.webui.keyword.builtin.VerifyElementTextKeyword$_verifyElementText_closure1.doCall(VerifyElementTextKeyword.groovy:57)
	at com.kms.katalon.core.webui.keyword.builtin.VerifyElementTextKeyword$_verifyElementText_closure1.call(VerifyElementTextKeyword.groovy)
	at com.kms.katalon.core.webui.keyword.internal.WebUIKeywordMain.runKeyword(WebUIKeywordMain.groovy:35)
	at com.kms.katalon.core.webui.keyword.builtin.VerifyElementTextKeyword.verifyElementText(VerifyElementTextKeyword.groovy:72)
	at com.kms.katalon.core.webui.keyword.builtin.VerifyElementTextKeyword.execute(VerifyElementTextKeyword.groovy:40)
	at com.kms.katalon.core.keyword.internal.KeywordExecutor.executeKeywordForPlatform(KeywordExecutor.groovy:64)
	at com.kms.katalon.core.webui.keyword.WebUiBuiltInKeywords.verifyElementText(WebUiBuiltInKeywords.groovy:4994)
	at TC TRF-02.run(TC TRF-02:59)
	at com.kms.katalon.core.main.ScriptEngine.run(ScriptEngine.java:194)
	at com.kms.katalon.core.main.ScriptEngine.runScriptAsRawText(ScriptEngine.java:119)
	at com.kms.katalon.core.main.TestCaseExecutor.runScript(TestCaseExecutor.java:485)
	at com.kms.katalon.core.main.TestCaseExecutor.doExecute(TestCaseExecutor.java:476)
	at com.kms.katalon.core.main.TestCaseExecutor.processExecutionPhase(TestCaseExecutor.java:455)
	at com.kms.katalon.core.main.TestCaseExecutor.accessMainPhase(TestCaseExecutor.java:447)
	at com.kms.katalon.core.main.TestCaseExecutor.execute(TestCaseExecutor.java:321)
	at com.kms.katalon.core.common.CommonExecutor.accessTestCaseMainPhase(CommonExecutor.java:71)
	at com.kms.katalon.core.main.TestSuiteExecutor.accessTestSuiteMainPhase(TestSuiteExecutor.java:160)
	at com.kms.katalon.core.main.TestSuiteExecutor.execute(TestSuiteExecutor.java:107)
	at com.kms.katalon.core.main.TestCaseMain.startTestSuite(TestCaseMain.java:195)
	at TempTestSuite1778664266342.run(TempTestSuite1778664266342.groovy:35)
	at java.base/jdk.internal.reflect.NativeMethodAccessorImpl.invoke0(Native Method)
	at java.base/jdk.internal.reflect.NativeMethodAccessorImpl.invoke(NativeMethodAccessorImpl.java:77)
	at java.base/jdk.internal.reflect.DelegatingMethodAccessorImpl.invoke(DelegatingMethodAccessorImpl.java:43)
)</message>
  <nestedLevel>1</nestedLevel>
  <escapedJava>false</escapedJava>
  <property name="attachment">1778664356862.png</property>
  <property name="failed.exception.stacktrace">com.kms.katalon.core.exception.StepFailedException: Actual text &apos;Error!&apos; and expected text &apos;The amount cannot be empty.&apos; of test object &apos;Object Repository/Web/Transfer/lbl_failTransfer&apos; are NOT matched.
	at com.kms.katalon.core.webui.keyword.internal.WebUIKeywordMain.stepFailed(WebUIKeywordMain.groovy:118)
	at com.kms.katalon.core.webui.keyword.builtin.VerifyElementTextKeyword$_verifyElementText_closure1.doCall(VerifyElementTextKeyword.groovy:57)
	at com.kms.katalon.core.webui.keyword.builtin.VerifyElementTextKeyword$_verifyElementText_closure1.call(VerifyElementTextKeyword.groovy)
	at com.kms.katalon.core.webui.keyword.internal.WebUIKeywordMain.runKeyword(WebUIKeywordMain.groovy:35)
	at com.kms.katalon.core.webui.keyword.builtin.VerifyElementTextKeyword.verifyElementText(VerifyElementTextKeyword.groovy:72)
	at com.kms.katalon.core.webui.keyword.builtin.VerifyElementTextKeyword.execute(VerifyElementTextKeyword.groovy:40)
	at com.kms.katalon.core.keyword.internal.KeywordExecutor.executeKeywordForPlatform(KeywordExecutor.groovy:64)
	at com.kms.katalon.core.webui.keyword.WebUiBuiltInKeywords.verifyElementText(WebUiBuiltInKeywords.groovy:4994)
	at TC TRF-02.run(TC TRF-02:59)
	at com.kms.katalon.core.main.ScriptEngine.run(ScriptEngine.java:194)
	at com.kms.katalon.core.main.ScriptEngine.runScriptAsRawText(ScriptEngine.java:119)
	at com.kms.katalon.core.main.TestCaseExecutor.runScript(TestCaseExecutor.java:485)
	at com.kms.katalon.core.main.TestCaseExecutor.doExecute(TestCaseExecutor.java:476)
	at com.kms.katalon.core.main.TestCaseExecutor.processExecutionPhase(TestCaseExecutor.java:455)
	at com.kms.katalon.core.main.TestCaseExecutor.accessMainPhase(TestCaseExecutor.java:447)
	at com.kms.katalon.core.main.TestCaseExecutor.execute(TestCaseExecutor.java:321)
	at com.kms.katalon.core.common.CommonExecutor.accessTestCaseMainPhase(CommonExecutor.java:71)
	at com.kms.katalon.core.main.TestSuiteExecutor.accessTestSuiteMainPhase(TestSuiteExecutor.java:160)
	at com.kms.katalon.core.main.TestSuiteExecutor.execute(TestSuiteExecutor.java:107)
	at com.kms.katalon.core.main.TestCaseMain.startTestSuite(TestCaseMain.java:195)
	at TempTestSuite1778664266342.run(TempTestSuite1778664266342.groovy:35)
	at java.base/jdk.internal.reflect.NativeMethodAccessorImpl.invoke0(Native Method)
	at java.base/jdk.internal.reflect.NativeMethodAccessorImpl.invoke(NativeMethodAccessorImpl.java:77)
	at java.base/jdk.internal.reflect.DelegatingMethodAccessorImpl.invoke(DelegatingMethodAccessorImpl.java:43)
</property>
  <property name="failed.exception.class">com.kms.katalon.core.exception.StepFailedException</property>
  <property name="testops-is-assertion">true</property>
  <property name="testops-method-name">com.kms.katalon.core.webui.keyword.builtin.VerifyElementTextKeyword.verifyElementText</property>
  <property name="testops-execution-stacktrace">com.kms.katalon.core.logging.testops.TestOpsLogHelper.handleFailedLogEntry(TestOpsLogHelper.java:112)
com.kms.katalon.core.logging.KeywordLogger.logFailed(KeywordLogger.java:274)
com.kms.katalon.core.keyword.internal.KeywordMain.stepFailed(KeywordMain.groovy:43)
com.kms.katalon.core.webui.keyword.internal.WebUIKeywordMain.stepFailed(WebUIKeywordMain.groovy:118)
com.kms.katalon.core.webui.keyword.builtin.VerifyElementTextKeyword$_verifyElementText_closure1.doCall(VerifyElementTextKeyword.groovy:57)
com.kms.katalon.core.webui.keyword.builtin.VerifyElementTextKeyword$_verifyElementText_closure1.call(VerifyElementTextKeyword.groovy)
com.kms.katalon.core.webui.keyword.internal.WebUIKeywordMain.runKeyword(WebUIKeywordMain.groovy:35)
com.kms.katalon.core.webui.keyword.builtin.VerifyElementTextKeyword.verifyElementText(VerifyElementTextKeyword.groovy:72)
com.kms.katalon.core.webui.keyword.builtin.VerifyElementTextKeyword.execute(VerifyElementTextKeyword.groovy:40)
com.kms.katalon.core.keyword.internal.KeywordExecutor.executeKeywordForPlatform(KeywordExecutor.groovy:64)
com.kms.katalon.core.webui.keyword.WebUiBuiltInKeywords.verifyElementText(WebUiBuiltInKeywords.groovy:4994)
TC TRF-02.run(TC TRF-02:59)
</property>
  <property name="failed.exception.message">Actual text &apos;Error!&apos; and expected text &apos;The amount cannot be empty.&apos; of test object &apos;Object Repository/Web/Transfer/lbl_failTransfer&apos; are NOT matched.</property>
</record>
<record>
  <date>2026-05-13T09:25:57.092615300Z</date>
  <millis>1778664357092</millis>
  <nanos>615300</nanos>
  <sequence>1240</sequence>
  <level>FAILED</level>
  <class>com.kms.katalon.core.logging.XmlKeywordLogger</class>
  <method>logMessage</method>
  <thread>1</thread>
  <message>Verify element text of test object &amp;apos;Object Repository/Web/Transfer/lbl_failTransfer&amp;apos; FAILED. (Root cause: com.kms.katalon.core.exception.StepFailedException: Verify element text of test object &amp;apos;Object Repository/Web/Transfer/lbl_failTransfer&amp;apos; FAILED.
	at com.kms.katalon.core.webui.keyword.internal.WebUIKeywordMain.stepFailed(WebUIKeywordMain.groovy:118)
	at com.kms.katalon.core.webui.keyword.internal.WebUIKeywordMain.runKeyword(WebUIKeywordMain.groovy:43)
	at com.kms.katalon.core.webui.keyword.builtin.VerifyElementTextKeyword.verifyElementText(VerifyElementTextKeyword.groovy:72)
	at com.kms.katalon.core.webui.keyword.builtin.VerifyElementTextKeyword.execute(VerifyElementTextKeyword.groovy:40)
	at com.kms.katalon.core.keyword.internal.KeywordExecutor.executeKeywordForPlatform(KeywordExecutor.groovy:64)
	at com.kms.katalon.core.webui.keyword.WebUiBuiltInKeywords.verifyElementText(WebUiBuiltInKeywords.groovy:4994)
	at TC TRF-02.run(TC TRF-02:59)
	at com.kms.katalon.core.main.ScriptEngine.run(ScriptEngine.java:194)
	at com.kms.katalon.core.main.ScriptEngine.runScriptAsRawText(ScriptEngine.java:119)
	at com.kms.katalon.core.main.TestCaseExecutor.runScript(TestCaseExecutor.java:485)
	at com.kms.katalon.core.main.TestCaseExecutor.doExecute(TestCaseExecutor.java:476)
	at com.kms.katalon.core.main.TestCaseExecutor.processExecutionPhase(TestCaseExecutor.java:455)
	at com.kms.katalon.core.main.TestCaseExecutor.accessMainPhase(TestCaseExecutor.java:447)
	at com.kms.katalon.core.main.TestCaseExecutor.execute(TestCaseExecutor.java:321)
	at com.kms.katalon.core.common.CommonExecutor.accessTestCaseMainPhase(CommonExecutor.java:71)
	at com.kms.katalon.core.main.TestSuiteExecutor.accessTestSuiteMainPhase(TestSuiteExecutor.java:160)
	at com.kms.katalon.core.main.TestSuiteExecutor.execute(TestSuiteExecutor.java:107)
	at com.kms.katalon.core.main.TestCaseMain.startTestSuite(TestCaseMain.java:195)
	at TempTestSuite1778664266342.run(TempTestSuite1778664266342.groovy:35)
	at java.base/jdk.internal.reflect.NativeMethodAccessorImpl.invoke0(Native Method)
	at java.base/jdk.internal.reflect.NativeMethodAccessorImpl.invoke(NativeMethodAccessorImpl.java:77)
	at java.base/jdk.internal.reflect.DelegatingMethodAccessorImpl.invoke(DelegatingMethodAccessorImpl.java:43)
Caused by: com.kms.katalon.core.exception.StepFailedException: Actual text &amp;apos;Error!&amp;apos; and expected text &amp;apos;The amount cannot be empty.&amp;apos; of test object &amp;apos;Object Repository/Web/Transfer/lbl_failTransfer&amp;apos; are NOT matched.
	at com.kms.katalon.core.webui.keyword.internal.WebUIKeywordMain.stepFailed(WebUIKeywordMain.groovy:118)
	at com.kms.katalon.core.webui.keyword.builtin.VerifyElementTextKeyword$_verifyElementText_closure1.doCall(VerifyElementTextKeyword.groovy:57)
	at com.kms.katalon.core.webui.keyword.builtin.VerifyElementTextKeyword$_verifyElementText_closure1.call(VerifyElementTextKeyword.groovy)
	at com.kms.katalon.core.webui.keyword.internal.WebUIKeywordMain.runKeyword(WebUIKeywordMain.groovy:35)
	... 20 more
)</message>
  <nestedLevel>1</nestedLevel>
  <escapedJava>false</escapedJava>
  <property name="failed.exception.class">com.kms.katalon.core.exception.StepFailedException</property>
  <property name="attachment">1778664356992.png</property>
  <property name="failed.exception.stacktrace">com.kms.katalon.core.exception.StepFailedException: Actual text &apos;Error!&apos; and expected text &apos;The amount cannot be empty.&apos; of test object &apos;Object Repository/Web/Transfer/lbl_failTransfer&apos; are NOT matched.
	at com.kms.katalon.core.webui.keyword.internal.WebUIKeywordMain.stepFailed(WebUIKeywordMain.groovy:118)
	at com.kms.katalon.core.webui.keyword.builtin.VerifyElementTextKeyword$_verifyElementText_closure1.doCall(VerifyElementTextKeyword.groovy:57)
	at com.kms.katalon.core.webui.keyword.builtin.VerifyElementTextKeyword$_verifyElementText_closure1.call(VerifyElementTextKeyword.groovy)
	at com.kms.katalon.core.webui.keyword.internal.WebUIKeywordMain.runKeyword(WebUIKeywordMain.groovy:35)
	at com.kms.katalon.core.webui.keyword.builtin.VerifyElementTextKeyword.verifyElementText(VerifyElementTextKeyword.groovy:72)
	at com.kms.katalon.core.webui.keyword.builtin.VerifyElementTextKeyword.execute(VerifyElementTextKeyword.groovy:40)
	at com.kms.katalon.core.keyword.internal.KeywordExecutor.executeKeywordForPlatform(KeywordExecutor.groovy:64)
	at com.kms.katalon.core.webui.keyword.WebUiBuiltInKeywords.verifyElementText(WebUiBuiltInKeywords.groovy:4994)
	at TC TRF-02.run(TC TRF-02:59)
	at com.kms.katalon.core.main.ScriptEngine.run(ScriptEngine.java:194)
	at com.kms.katalon.core.main.ScriptEngine.runScriptAsRawText(ScriptEngine.java:119)
	at com.kms.katalon.core.main.TestCaseExecutor.runScript(TestCaseExecutor.java:485)
	at com.kms.katalon.core.main.TestCaseExecutor.doExecute(TestCaseExecutor.java:476)
	at com.kms.katalon.core.main.TestCaseExecutor.processExecutionPhase(TestCaseExecutor.java:455)
	at com.kms.katalon.core.main.TestCaseExecutor.accessMainPhase(TestCaseExecutor.java:447)
	at com.kms.katalon.core.main.TestCaseExecutor.execute(TestCaseExecutor.java:321)
	at com.kms.katalon.core.common.CommonExecutor.accessTestCaseMainPhase(CommonExecutor.java:71)
	at com.kms.katalon.core.main.TestSuiteExecutor.accessTestSuiteMainPhase(TestSuiteExecutor.java:160)
	at com.kms.katalon.core.main.TestSuiteExecutor.execute(TestSuiteExecutor.java:107)
	at com.kms.katalon.core.main.TestCaseMain.startTestSuite(TestCaseMain.java:195)
	at TempTestSuite1778664266342.run(TempTestSuite1778664266342.groovy:35)
	at java.base/jdk.internal.reflect.NativeMethodAccessorImpl.invoke0(Native Method)
	at java.base/jdk.internal.reflect.NativeMethodAccessorImpl.invoke(NativeMethodAccessorImpl.java:77)
	at java.base/jdk.internal.reflect.DelegatingMethodAccessorImpl.invoke(DelegatingMethodAccessorImpl.java:43)
</property>
  <property name="failed.exception.message">Actual text &apos;Error!&apos; and expected text &apos;The amount cannot be empty.&apos; of test object &apos;Object Repository/Web/Transfer/lbl_failTransfer&apos; are NOT matched.</property>
</record>
<record>
  <date>2026-05-13T09:25:57.093613900Z</date>
  <millis>1778664357093</millis>
  <nanos>613900</nanos>
  <sequence>1243</sequence>
  <level>END</level>
  <class>com.kms.katalon.core.logging.XmlKeywordLogger</class>
  <method>endKeyword</method>
  <thread>1</thread>
  <message>End action : verifyElementText(findTestObject(&amp;quot;Web/Transfer/lbl_failTransfer&amp;quot;), &amp;quot;The amount cannot be empty.&amp;quot;)</message>
  <nestedLevel>1</nestedLevel>
  <escapedJava>false</escapedJava>
</record>
<record>
  <date>2026-05-13T09:25:57.094607400Z</date>
  <millis>1778664357094</millis>
  <nanos>607400</nanos>
  <sequence>1246</sequence>
  <level>FAILED</level>
  <class>com.kms.katalon.core.logging.XmlKeywordLogger</class>
  <method>logMessage</method>
  <thread>1</thread>
  <message>Test Cases/Web/Transfer Found/TC TRF-02 FAILED.
Reason:
com.kms.katalon.core.exception.StepFailedException: Verify element text of test object &amp;apos;Object Repository/Web/Transfer/lbl_failTransfer&amp;apos; FAILED.
	at com.kms.katalon.core.webui.keyword.internal.WebUIKeywordMain.stepFailed(WebUIKeywordMain.groovy:118)
	at com.kms.katalon.core.webui.keyword.internal.WebUIKeywordMain.runKeyword(WebUIKeywordMain.groovy:43)
	at com.kms.katalon.core.webui.keyword.builtin.VerifyElementTextKeyword.verifyElementText(VerifyElementTextKeyword.groovy:72)
	at com.kms.katalon.core.webui.keyword.builtin.VerifyElementTextKeyword.execute(VerifyElementTextKeyword.groovy:40)
	at com.kms.katalon.core.keyword.internal.KeywordExecutor.executeKeywordForPlatform(KeywordExecutor.groovy:64)
	at com.kms.katalon.core.webui.keyword.WebUiBuiltInKeywords.verifyElementText(WebUiBuiltInKeywords.groovy:4994)
	at TC TRF-02.run(TC TRF-02:59)
	at com.kms.katalon.core.main.ScriptEngine.run(ScriptEngine.java:194)
	at com.kms.katalon.core.main.ScriptEngine.runScriptAsRawText(ScriptEngine.java:119)
	at com.kms.katalon.core.main.TestCaseExecutor.runScript(TestCaseExecutor.java:485)
	at com.kms.katalon.core.main.TestCaseExecutor.doExecute(TestCaseExecutor.java:476)
	at com.kms.katalon.core.main.TestCaseExecutor.processExecutionPhase(TestCaseExecutor.java:455)
	at com.kms.katalon.core.main.TestCaseExecutor.accessMainPhase(TestCaseExecutor.java:447)
	at com.kms.katalon.core.main.TestCaseExecutor.execute(TestCaseExecutor.java:321)
	at com.kms.katalon.core.common.CommonExecutor.accessTestCaseMainPhase(CommonExecutor.java:71)
	at com.kms.katalon.core.main.TestSuiteExecutor.accessTestSuiteMainPhase(TestSuiteExecutor.java:160)
	at com.kms.katalon.core.main.TestSuiteExecutor.execute(TestSuiteExecutor.java:107)
	at com.kms.katalon.core.main.TestCaseMain.startTestSuite(TestCaseMain.java:195)
	at TempTestSuite1778664266342.run(TempTestSuite1778664266342.groovy:35)
	at java.base/jdk.internal.reflect.NativeMethodAccessorImpl.invoke0(Native Method)
	at java.base/jdk.internal.reflect.NativeMethodAccessorImpl.invoke(NativeMethodAccessorImpl.java:77)
	at java.base/jdk.internal.reflect.DelegatingMethodAccessorImpl.invoke(DelegatingMethodAccessorImpl.java:43)
Caused by: com.kms.katalon.core.exception.StepFailedException: Actual text &amp;apos;Error!&amp;apos; and expected text &amp;apos;The amount cannot be empty.&amp;apos; of test object &amp;apos;Object Repository/Web/Transfer/lbl_failTransfer&amp;apos; are NOT matched.
	at com.kms.katalon.core.webui.keyword.internal.WebUIKeywordMain.stepFailed(WebUIKeywordMain.groovy:118)
	at com.kms.katalon.core.webui.keyword.builtin.VerifyElementTextKeyword$_verifyElementText_closure1.doCall(VerifyElementTextKeyword.groovy:57)
	at com.kms.katalon.core.webui.keyword.builtin.VerifyElementTextKeyword$_verifyElementText_closure1.call(VerifyElementTextKeyword.groovy)
	at com.kms.katalon.core.webui.keyword.internal.WebUIKeywordMain.runKeyword(WebUIKeywordMain.groovy:35)
	... 20 more
</message>
  <exception>
    <message>com.kms.katalon.core.exception.StepFailedException: Verify element text of test object 'Object Repository/Web/Transfer/lbl_failTransfer' FAILED.</message>
    <frame>
      <class>com.kms.katalon.core.logging.XmlKeywordLogger</class>
      <method>logMessage</method>
      <line>500</line>
    </frame>
    <frame>
      <class>com.kms.katalon.core.logging.KeywordLogger</class>
      <method>logMessage</method>
      <line>439</line>
    </frame>
    <frame>
      <class>com.kms.katalon.core.main.TestCaseExecutor</class>
      <method>logError</method>
      <line>593</line>
    </frame>
    <frame>
      <class>com.kms.katalon.core.main.TestCaseExecutor</class>
      <method>onExecutionError</method>
      <line>187</line>
    </frame>
    <frame>
      <class>com.kms.katalon.core.main.TestCaseExecutor</class>
      <method>processExecutionPhase</method>
      <line>465</line>
    </frame>
    <frame>
      <class>com.kms.katalon.core.main.TestCaseExecutor</class>
      <method>accessMainPhase</method>
      <line>447</line>
    </frame>
    <frame>
      <class>com.kms.katalon.core.main.TestCaseExecutor</class>
      <method>execute</method>
      <line>321</line>
    </frame>
    <frame>
      <class>com.kms.katalon.core.common.CommonExecutor</class>
      <method>accessTestCaseMainPhase</method>
      <line>71</line>
    </frame>
    <frame>
      <class>com.kms.katalon.core.main.TestSuiteExecutor</class>
      <method>accessTestSuiteMainPhase</method>
      <line>160</line>
    </frame>
    <frame>
      <class>com.kms.katalon.core.main.TestSuiteExecutor</class>
      <method>execute</method>
      <line>107</line>
    </frame>
    <frame>
      <class>com.kms.katalon.core.main.TestCaseMain</class>
      <method>startTestSuite</method>
      <line>195</line>
    </frame>
    <frame>
      <class>org.codehaus.groovy.vmplugin.v8.IndyInterface</class>
      <method>fromCache</method>
      <line>318</line>
    </frame>
    <frame>
      <class>TempTestSuite1778664266342</class>
      <method>run</method>
      <line>35</line>
    </frame>
    <frame>
      <class>groovy.lang.GroovyShell</class>
      <method>runScriptOrMainOrTestOrRunnable</method>
      <line>254</line>
    </frame>
    <frame>
      <class>groovy.lang.GroovyShell</class>
      <method>run</method>
      <line>360</line>
    </frame>
    <frame>
      <class>groovy.lang.GroovyShell</class>
      <method>run</method>
      <line>349</line>
    </frame>
    <frame>
      <class>groovy.ui.GroovyMain</class>
      <method>processOnce</method>
      <line>652</line>
    </frame>
    <frame>
      <class>groovy.ui.GroovyMain</class>
      <method>run</method>
      <line>398</line>
    </frame>
    <frame>
      <class>groovy.ui.GroovyMain</class>
      <method>access$1400</method>
      <line>68</line>
    </frame>
    <frame>
      <class>groovy.ui.GroovyMain$GroovyCommand</class>
      <method>process</method>
      <line>322</line>
    </frame>
    <frame>
      <class>groovy.ui.GroovyMain</class>
      <method>processArgs</method>
      <line>142</line>
    </frame>
    <frame>
      <class>groovy.ui.GroovyMain</class>
      <method>main</method>
      <line>115</line>
    </frame>
    <frame>
      <class>jdk.internal.reflect.NativeMethodAccessorImpl</class>
      <method>invoke0</method>
    </frame>
    <frame>
      <class>jdk.internal.reflect.NativeMethodAccessorImpl</class>
      <method>invoke</method>
      <line>77</line>
    </frame>
    <frame>
      <class>jdk.internal.reflect.DelegatingMethodAccessorImpl</class>
      <method>invoke</method>
      <line>43</line>
    </frame>
    <frame>
      <class>java.lang.reflect.Method</class>
      <method>invoke</method>
      <line>569</line>
    </frame>
    <frame>
      <class>org.codehaus.groovy.tools.GroovyStarter</class>
      <method>rootLoader</method>
      <line>117</line>
    </frame>
    <frame>
      <class>org.codehaus.groovy.tools.GroovyStarter</class>
      <method>main</method>
      <line>39</line>
    </frame>
  </exception>
  <nestedLevel>0</nestedLevel>
  <escapedJava>false</escapedJava>
  <property name="failed.exception.stacktrace">com.kms.katalon.core.exception.StepFailedException: Actual text &apos;Error!&apos; and expected text &apos;The amount cannot be empty.&apos; of test object &apos;Object Repository/Web/Transfer/lbl_failTransfer&apos; are NOT matched.
	at com.kms.katalon.core.webui.keyword.internal.WebUIKeywordMain.stepFailed(WebUIKeywordMain.groovy:118)
	at com.kms.katalon.core.webui.keyword.builtin.VerifyElementTextKeyword$_verifyElementText_closure1.doCall(VerifyElementTextKeyword.groovy:57)
	at com.kms.katalon.core.webui.keyword.builtin.VerifyElementTextKeyword$_verifyElementText_closure1.call(VerifyElementTextKeyword.groovy)
	at com.kms.katalon.core.webui.keyword.internal.WebUIKeywordMain.runKeyword(WebUIKeywordMain.groovy:35)
	at com.kms.katalon.core.webui.keyword.builtin.VerifyElementTextKeyword.verifyElementText(VerifyElementTextKeyword.groovy:72)
	at com.kms.katalon.core.webui.keyword.builtin.VerifyElementTextKeyword.execute(VerifyElementTextKeyword.groovy:40)
	at com.kms.katalon.core.keyword.internal.KeywordExecutor.executeKeywordForPlatform(KeywordExecutor.groovy:64)
	at com.kms.katalon.core.webui.keyword.WebUiBuiltInKeywords.verifyElementText(WebUiBuiltInKeywords.groovy:4994)
	at TC TRF-02.run(TC TRF-02:59)
	at com.kms.katalon.core.main.ScriptEngine.run(ScriptEngine.java:194)
	at com.kms.katalon.core.main.ScriptEngine.runScriptAsRawText(ScriptEngine.java:119)
	at com.kms.katalon.core.main.TestCaseExecutor.runScript(TestCaseExecutor.java:485)
	at com.kms.katalon.core.main.TestCaseExecutor.doExecute(TestCaseExecutor.java:476)
	at com.kms.katalon.core.main.TestCaseExecutor.processExecutionPhase(TestCaseExecutor.java:455)
	at com.kms.katalon.core.main.TestCaseExecutor.accessMainPhase(TestCaseExecutor.java:447)
	at com.kms.katalon.core.main.TestCaseExecutor.execute(TestCaseExecutor.java:321)
	at com.kms.katalon.core.common.CommonExecutor.accessTestCaseMainPhase(CommonExecutor.java:71)
	at com.kms.katalon.core.main.TestSuiteExecutor.accessTestSuiteMainPhase(TestSuiteExecutor.java:160)
	at com.kms.katalon.core.main.TestSuiteExecutor.execute(TestSuiteExecutor.java:107)
	at com.kms.katalon.core.main.TestCaseMain.startTestSuite(TestCaseMain.java:195)
	at TempTestSuite1778664266342.run(TempTestSuite1778664266342.groovy:35)
	at java.base/jdk.internal.reflect.NativeMethodAccessorImpl.invoke0(Native Method)
	at java.base/jdk.internal.reflect.NativeMethodAccessorImpl.invoke(NativeMethodAccessorImpl.java:77)
	at java.base/jdk.internal.reflect.DelegatingMethodAccessorImpl.invoke(DelegatingMethodAccessorImpl.java:43)
</property>
  <property name="failed.exception.class">com.kms.katalon.core.exception.StepFailedException</property>
  <property name="failed.exception.message">Actual text &apos;Error!&apos; and expected text &apos;The amount cannot be empty.&apos; of test object &apos;Object Repository/Web/Transfer/lbl_failTransfer&apos; are NOT matched.</property>
</record>
<record>
  <date>2026-05-13T09:25:57.097618400Z</date>
  <millis>1778664357097</millis>
  <nanos>618400</nanos>
  <sequence>1248</sequence>
  <level>END</level>
  <class>com.kms.katalon.core.logging.XmlKeywordLogger</class>
  <method>endTest</method>
  <thread>1</thread>
  <message>End Test Case : Test Cases/Web/Transfer Found/TC TRF-02</message>
  <nestedLevel>0</nestedLevel>
  <escapedJava>false</escapedJava>
  <property name="executionBindingVariables">[]</property>
  <property name="applitools">false</property>
  <property name="keywordsUsage">{
  &quot;web_ui&quot;: true,
  &quot;web_service&quot;: false,
  &quot;cucumber&quot;: false,
  &quot;builtin&quot;: false,
  &quot;mobile&quot;: false,
  &quot;windows&quot;: false,
  &quot;testng&quot;: false
}</property>
</record>
<record>
  <date>2026-05-13T09:25:57.101637800Z</date>
  <millis>1778664357101</millis>
  <nanos>637800</nanos>
  <sequence>1249</sequence>
  <level>START</level>
  <class>com.kms.katalon.core.logging.XmlKeywordLogger</class>
  <method>startTest</method>
  <thread>1</thread>
  <message>Start Test Case : Test Cases/Web/Loan/TC-Loan_01-Request Loan</message>
  <nestedLevel>1</nestedLevel>
  <escapedJava>false</escapedJava>
  <property name="name">Test Cases/Web/Loan/TC-Loan_01-Request Loan</property>
  <property name="description"></property>
  <property name="iteration"></property>
  <property name="id">Test Cases/Web/Loan/TC-Loan_01-Request Loan</property>
  <property name="source">C:\Users\AVOWS\git\Katalon-Testing-web-automation\Test Cases\Web\Loan\TC-Loan_01-Request Loan.tc</property>
  <property name="tag"></property>
  <property name="isOptional">false</property>
</record>
<record>
  <date>2026-05-13T09:25:57.293257200Z</date>
  <millis>1778664357293</millis>
  <nanos>257200</nanos>
  <sequence>1251</sequence>
  <level>START</level>
  <class>com.kms.katalon.core.logging.XmlKeywordLogger</class>
  <method>startKeyword</method>
  <thread>1</thread>
  <message>Start action : common.WebHelper.login(&amp;quot;Haryadi01&amp;quot;, &amp;quot;qwerty123&amp;quot;)</message>
  <nestedLevel>1</nestedLevel>
  <escapedJava>false</escapedJava>
  <property name="startLine">26</property>
  <property name="stepIndex">1</property>
</record>
<record>
  <date>2026-05-13T09:25:57.296246700Z</date>
  <millis>1778664357296</millis>
  <nanos>246700</nanos>
  <sequence>1253</sequence>
  <level>WARNING</level>
  <class>com.kms.katalon.core.logging.XmlKeywordLogger</class>
  <method>logMessage</method>
  <thread>1</thread>
  <message>A browser is already opened. Closing browser and opening a new one</message>
  <nestedLevel>1</nestedLevel>
  <escapedJava>false</escapedJava>
</record>
<record>
  <date>2026-05-13T09:25:57.689962600Z</date>
  <millis>1778664357689</millis>
  <nanos>962600</nanos>
  <sequence>1254</sequence>
  <level>INFO</level>
  <class>com.kms.katalon.core.logging.XmlKeywordLogger</class>
  <method>logMessage</method>
  <thread>1</thread>
  <message>Starting &amp;apos;Chrome&amp;apos; driver</message>
  <nestedLevel>1</nestedLevel>
  <escapedJava>false</escapedJava>
</record>
<record>
  <date>2026-05-13T09:25:57.690971700Z</date>
  <millis>1778664357690</millis>
  <nanos>971700</nanos>
  <sequence>1255</sequence>
  <level>INFO</level>
  <class>com.kms.katalon.core.logging.XmlKeywordLogger</class>
  <method>logMessage</method>
  <thread>1</thread>
  <message>Action delay is set to 0 milliseconds</message>
  <nestedLevel>1</nestedLevel>
  <escapedJava>false</escapedJava>
</record>
<record>
  <date>2026-05-13T09:25:59.919759600Z</date>
  <millis>1778664359919</millis>
  <nanos>759600</nanos>
  <sequence>1258</sequence>
  <level>RUN_DATA</level>
  <class>com.kms.katalon.core.logging.XmlKeywordLogger</class>
  <method>logMessage</method>
  <thread>1</thread>
  <message>sessionId = 3c1a14cfd49b089760238c7158f76187</message>
  <nestedLevel>1</nestedLevel>
  <escapedJava>false</escapedJava>
  <property name="sessionId">3c1a14cfd49b089760238c7158f76187</property>
</record>
<record>
  <date>2026-05-13T09:25:59.920867800Z</date>
  <millis>1778664359920</millis>
  <nanos>867800</nanos>
  <sequence>1259</sequence>
  <level>RUN_DATA</level>
  <class>com.kms.katalon.core.logging.XmlKeywordLogger</class>
  <method>logMessage</method>
  <thread>1</thread>
  <message>browser = Chrome 147.0.7727.138</message>
  <nestedLevel>1</nestedLevel>
  <escapedJava>false</escapedJava>
  <property name="browser">Chrome 147.0.7727.138</property>
</record>
<record>
  <date>2026-05-13T09:25:59.920867800Z</date>
  <millis>1778664359920</millis>
  <nanos>867800</nanos>
  <sequence>1260</sequence>
  <level>RUN_DATA</level>
  <class>com.kms.katalon.core.logging.XmlKeywordLogger</class>
  <method>logMessage</method>
  <thread>1</thread>
  <message>platform = Windows 10</message>
  <nestedLevel>1</nestedLevel>
  <escapedJava>false</escapedJava>
  <property name="platform">Windows 10</property>
</record>
<record>
  <date>2026-05-13T09:25:59.920867800Z</date>
  <millis>1778664359920</millis>
  <nanos>867800</nanos>
  <sequence>1261</sequence>
  <level>RUN_DATA</level>
  <class>com.kms.katalon.core.logging.XmlKeywordLogger</class>
  <method>logMessage</method>
  <thread>1</thread>
  <message>seleniumVersion = 4.28.1</message>
  <nestedLevel>1</nestedLevel>
  <escapedJava>false</escapedJava>
  <property name="seleniumVersion">4.28.1</property>
</record>
<record>
  <date>2026-05-13T09:25:59.922352700Z</date>
  <millis>1778664359922</millis>
  <nanos>352700</nanos>
  <sequence>1262</sequence>
  <level>RUN_DATA</level>
  <class>com.kms.katalon.core.logging.XmlKeywordLogger</class>
  <method>logMessage</method>
  <thread>1</thread>
  <message>proxyInformation = ProxyInformation { proxyOption=NO_PROXY, proxyServerType=HTTP, username=, password=********, proxyServerAddress=, proxyServerPort=0, executionList=&amp;quot;&amp;quot;, isApplyToDesiredCapabilities=true }</message>
  <nestedLevel>1</nestedLevel>
  <escapedJava>false</escapedJava>
  <property name="proxyInformation">ProxyInformation { proxyOption=NO_PROXY, proxyServerType=HTTP, username=, password=********, proxyServerAddress=, proxyServerPort=0, executionList=&quot;&quot;, isApplyToDesiredCapabilities=true }</property>
</record>
<record>
  <date>2026-05-13T09:26:01.023300700Z</date>
  <millis>1778664361023</millis>
  <nanos>300700</nanos>
  <sequence>1264</sequence>
  <level>PASSED</level>
  <class>com.kms.katalon.core.logging.XmlKeywordLogger</class>
  <method>logMessage</method>
  <thread>1</thread>
  <message>Browser is opened with url: &amp;apos;https://parabank.parasoft.com&amp;apos;</message>
  <nestedLevel>1</nestedLevel>
  <escapedJava>false</escapedJava>
  <property name="testops-method-name">com.kms.katalon.core.webui.keyword.builtin.OpenBrowserKeyword.openBrowser</property>
  <property name="testops-execution-stacktrace"></property>
</record>
<record>
  <date>2026-05-13T09:26:01.890430800Z</date>
  <millis>1778664361890</millis>
  <nanos>430800</nanos>
  <sequence>1280</sequence>
  <level>PASSED</level>
  <class>com.kms.katalon.core.logging.XmlKeywordLogger</class>
  <method>logMessage</method>
  <thread>1</thread>
  <message>Text &amp;apos;Haryadi01&amp;apos; is set on object &amp;apos;Object Repository/Web/Login/txt_username&amp;apos;</message>
  <nestedLevel>1</nestedLevel>
  <escapedJava>false</escapedJava>
  <property name="testops-method-name">com.kms.katalon.core.webui.keyword.builtin.SetTextKeyword.setText</property>
  <property name="testops-execution-stacktrace"></property>
</record>
<record>
  <date>2026-05-13T09:26:02.487692400Z</date>
  <millis>1778664362487</millis>
  <nanos>692400</nanos>
  <sequence>1296</sequence>
  <level>PASSED</level>
  <class>com.kms.katalon.core.logging.XmlKeywordLogger</class>
  <method>logMessage</method>
  <thread>1</thread>
  <message>Text &amp;apos;qwerty123&amp;apos; is set on object &amp;apos;Object Repository/Web/Login/txt_password&amp;apos;</message>
  <nestedLevel>1</nestedLevel>
  <escapedJava>false</escapedJava>
  <property name="testops-method-name">com.kms.katalon.core.webui.keyword.builtin.SetTextKeyword.setText</property>
  <property name="testops-execution-stacktrace"></property>
</record>
<record>
  <date>2026-05-13T09:26:03.331773600Z</date>
  <millis>1778664363331</millis>
  <nanos>773600</nanos>
  <sequence>1306</sequence>
  <level>PASSED</level>
  <class>com.kms.katalon.core.logging.XmlKeywordLogger</class>
  <method>logMessage</method>
  <thread>1</thread>
  <message>Object: &amp;apos;Object Repository/Web/Login/btn_login&amp;apos; is clicked on</message>
  <nestedLevel>1</nestedLevel>
  <escapedJava>false</escapedJava>
  <property name="testops-method-name">com.kms.katalon.core.webui.keyword.builtin.ClickKeyword.click</property>
  <property name="testops-execution-stacktrace"></property>
</record>
<record>
  <date>2026-05-13T09:26:03.332763200Z</date>
  <millis>1778664363332</millis>
  <nanos>763200</nanos>
  <sequence>1307</sequence>
  <level>PASSED</level>
  <class>com.kms.katalon.core.logging.XmlKeywordLogger</class>
  <method>logMessage</method>
  <thread>1</thread>
  <message>common.WebHelper.login is PASSED</message>
  <nestedLevel>1</nestedLevel>
  <escapedJava>false</escapedJava>
</record>
<record>
  <date>2026-05-13T09:26:03.334944100Z</date>
  <millis>1778664363334</millis>
  <nanos>944100</nanos>
  <sequence>1308</sequence>
  <level>END</level>
  <class>com.kms.katalon.core.logging.XmlKeywordLogger</class>
  <method>endKeyword</method>
  <thread>1</thread>
  <message>End action : common.WebHelper.login(&amp;quot;Haryadi01&amp;quot;, &amp;quot;qwerty123&amp;quot;)</message>
  <nestedLevel>1</nestedLevel>
  <escapedJava>false</escapedJava>
</record>
<record>
  <date>2026-05-13T09:26:03.335434600Z</date>
  <millis>1778664363335</millis>
  <nanos>434600</nanos>
  <sequence>1309</sequence>
  <level>START</level>
  <class>com.kms.katalon.core.logging.XmlKeywordLogger</class>
  <method>startKeyword</method>
  <thread>1</thread>
  <message>Start action : click(findTestObject(&amp;quot;Web/Home/link_loan&amp;quot;))</message>
  <nestedLevel>1</nestedLevel>
  <escapedJava>false</escapedJava>
  <property name="startLine">28</property>
  <property name="stepIndex">2</property>
</record>
<record>
  <date>2026-05-13T09:26:04.422861700Z</date>
  <millis>1778664364422</millis>
  <nanos>861700</nanos>
  <sequence>1319</sequence>
  <level>PASSED</level>
  <class>com.kms.katalon.core.logging.XmlKeywordLogger</class>
  <method>logMessage</method>
  <thread>1</thread>
  <message>Object: &amp;apos;Object Repository/Web/Home/link_loan&amp;apos; is clicked on</message>
  <nestedLevel>1</nestedLevel>
  <escapedJava>false</escapedJava>
  <property name="testops-method-name">com.kms.katalon.core.webui.keyword.builtin.ClickKeyword.click</property>
  <property name="testops-execution-stacktrace"></property>
</record>
<record>
  <date>2026-05-13T09:26:04.427356Z</date>
  <millis>1778664364427</millis>
  <nanos>356000</nanos>
  <sequence>1320</sequence>
  <level>END</level>
  <class>com.kms.katalon.core.logging.XmlKeywordLogger</class>
  <method>endKeyword</method>
  <thread>1</thread>
  <message>End action : click(findTestObject(&amp;quot;Web/Home/link_loan&amp;quot;))</message>
  <nestedLevel>1</nestedLevel>
  <escapedJava>false</escapedJava>
</record>
<record>
  <date>2026-05-13T09:26:04.428087300Z</date>
  <millis>1778664364428</millis>
  <nanos>87300</nanos>
  <sequence>1321</sequence>
  <level>START</level>
  <class>com.kms.katalon.core.logging.XmlKeywordLogger</class>
  <method>startKeyword</method>
  <thread>1</thread>
  <message>Start action : driver = getWebDriver()</message>
  <nestedLevel>1</nestedLevel>
  <escapedJava>false</escapedJava>
  <property name="startLine">30</property>
  <property name="stepIndex">3</property>
</record>
<record>
  <date>2026-05-13T09:26:04.433864600Z</date>
  <millis>1778664364433</millis>
  <nanos>864600</nanos>
  <sequence>1322</sequence>
  <level>END</level>
  <class>com.kms.katalon.core.logging.XmlKeywordLogger</class>
  <method>endKeyword</method>
  <thread>1</thread>
  <message>End action : driver = getWebDriver()</message>
  <nestedLevel>1</nestedLevel>
  <escapedJava>false</escapedJava>
</record>
<record>
  <date>2026-05-13T09:26:04.435326100Z</date>
  <millis>1778664364435</millis>
  <nanos>326100</nanos>
  <sequence>1323</sequence>
  <level>START</level>
  <class>com.kms.katalon.core.logging.XmlKeywordLogger</class>
  <method>startKeyword</method>
  <thread>1</thread>
  <message>Start action : selectElement = new org.openqa.selenium.support.ui.Select(driver.findElement(org.openqa.selenium.By.cssSelector(#fromAccountId)))</message>
  <nestedLevel>1</nestedLevel>
  <escapedJava>false</escapedJava>
  <property name="startLine">31</property>
  <property name="stepIndex">4</property>
</record>
<record>
  <date>2026-05-13T09:26:04.933759100Z</date>
  <millis>1778664364933</millis>
  <nanos>759100</nanos>
  <sequence>1325</sequence>
  <level>END</level>
  <class>com.kms.katalon.core.logging.XmlKeywordLogger</class>
  <method>endKeyword</method>
  <thread>1</thread>
  <message>End action : selectElement = new org.openqa.selenium.support.ui.Select(driver.findElement(org.openqa.selenium.By.cssSelector(#fromAccountId)))</message>
  <nestedLevel>1</nestedLevel>
  <escapedJava>false</escapedJava>
</record>
<record>
  <date>2026-05-13T09:26:04.933759100Z</date>
  <millis>1778664364933</millis>
  <nanos>759100</nanos>
  <sequence>1326</sequence>
  <level>START</level>
  <class>com.kms.katalon.core.logging.XmlKeywordLogger</class>
  <method>startKeyword</method>
  <thread>1</thread>
  <message>Start action : setText(findTestObject(&amp;quot;Web/Loan/txt_loanAmount&amp;quot;), &amp;quot;300&amp;quot;)</message>
  <nestedLevel>1</nestedLevel>
  <escapedJava>false</escapedJava>
  <property name="startLine">33</property>
  <property name="stepIndex">5</property>
</record>
<record>
  <date>2026-05-13T09:26:05.548251400Z</date>
  <millis>1778664365548</millis>
  <nanos>251400</nanos>
  <sequence>1342</sequence>
  <level>PASSED</level>
  <class>com.kms.katalon.core.logging.XmlKeywordLogger</class>
  <method>logMessage</method>
  <thread>1</thread>
  <message>Text &amp;apos;300&amp;apos; is set on object &amp;apos;Object Repository/Web/Loan/txt_loanAmount&amp;apos;</message>
  <nestedLevel>1</nestedLevel>
  <escapedJava>false</escapedJava>
  <property name="testops-method-name">com.kms.katalon.core.webui.keyword.builtin.SetTextKeyword.setText</property>
  <property name="testops-execution-stacktrace"></property>
</record>
<record>
  <date>2026-05-13T09:26:05.551463100Z</date>
  <millis>1778664365551</millis>
  <nanos>463100</nanos>
  <sequence>1343</sequence>
  <level>END</level>
  <class>com.kms.katalon.core.logging.XmlKeywordLogger</class>
  <method>endKeyword</method>
  <thread>1</thread>
  <message>End action : setText(findTestObject(&amp;quot;Web/Loan/txt_loanAmount&amp;quot;), &amp;quot;300&amp;quot;)</message>
  <nestedLevel>1</nestedLevel>
  <escapedJava>false</escapedJava>
</record>
<record>
  <date>2026-05-13T09:26:05.551956Z</date>
  <millis>1778664365551</millis>
  <nanos>956000</nanos>
  <sequence>1344</sequence>
  <level>START</level>
  <class>com.kms.katalon.core.logging.XmlKeywordLogger</class>
  <method>startKeyword</method>
  <thread>1</thread>
  <message>Start action : setText(findTestObject(&amp;quot;Web/Loan/txt_downPayment&amp;quot;), &amp;quot;150&amp;quot;)</message>
  <nestedLevel>1</nestedLevel>
  <escapedJava>false</escapedJava>
  <property name="startLine">34</property>
  <property name="stepIndex">6</property>
</record>
<record>
  <date>2026-05-13T09:26:06.157599400Z</date>
  <millis>1778664366157</millis>
  <nanos>599400</nanos>
  <sequence>1360</sequence>
  <level>PASSED</level>
  <class>com.kms.katalon.core.logging.XmlKeywordLogger</class>
  <method>logMessage</method>
  <thread>1</thread>
  <message>Text &amp;apos;150&amp;apos; is set on object &amp;apos;Object Repository/Web/Loan/txt_downPayment&amp;apos;</message>
  <nestedLevel>1</nestedLevel>
  <escapedJava>false</escapedJava>
  <property name="testops-method-name">com.kms.katalon.core.webui.keyword.builtin.SetTextKeyword.setText</property>
  <property name="testops-execution-stacktrace"></property>
</record>
<record>
  <date>2026-05-13T09:26:06.158592800Z</date>
  <millis>1778664366158</millis>
  <nanos>592800</nanos>
  <sequence>1361</sequence>
  <level>END</level>
  <class>com.kms.katalon.core.logging.XmlKeywordLogger</class>
  <method>endKeyword</method>
  <thread>1</thread>
  <message>End action : setText(findTestObject(&amp;quot;Web/Loan/txt_downPayment&amp;quot;), &amp;quot;150&amp;quot;)</message>
  <nestedLevel>1</nestedLevel>
  <escapedJava>false</escapedJava>
</record>
<record>
  <date>2026-05-13T09:26:06.159578900Z</date>
  <millis>1778664366159</millis>
  <nanos>578900</nanos>
  <sequence>1362</sequence>
  <level>START</level>
  <class>com.kms.katalon.core.logging.XmlKeywordLogger</class>
  <method>startKeyword</method>
  <thread>1</thread>
  <message>Start action : options = selectElement.getOptions()</message>
  <nestedLevel>1</nestedLevel>
  <escapedJava>false</escapedJava>
  <property name="startLine">36</property>
  <property name="stepIndex">7</property>
</record>
<record>
  <date>2026-05-13T09:26:06.426737600Z</date>
  <millis>1778664366426</millis>
  <nanos>737600</nanos>
  <sequence>1364</sequence>
  <level>END</level>
  <class>com.kms.katalon.core.logging.XmlKeywordLogger</class>
  <method>endKeyword</method>
  <thread>1</thread>
  <message>End action : options = selectElement.getOptions()</message>
  <nestedLevel>1</nestedLevel>
  <escapedJava>false</escapedJava>
</record>
<record>
  <date>2026-05-13T09:26:06.426737600Z</date>
  <millis>1778664366426</millis>
  <nanos>737600</nanos>
  <sequence>1365</sequence>
  <level>START</level>
  <class>com.kms.katalon.core.logging.XmlKeywordLogger</class>
  <method>startKeyword</method>
  <thread>1</thread>
  <message>Start action : options.each({ java.lang.Object option -&amp;gt; ... })</message>
  <nestedLevel>1</nestedLevel>
  <escapedJava>false</escapedJava>
  <property name="startLine">37</property>
  <property name="stepIndex">8</property>
</record>
<record>
  <date>2026-05-13T09:26:06.492122100Z</date>
  <millis>1778664366492</millis>
  <nanos>122100</nanos>
  <sequence>1366</sequence>
  <level>END</level>
  <class>com.kms.katalon.core.logging.XmlKeywordLogger</class>
  <method>endKeyword</method>
  <thread>1</thread>
  <message>End action : options.each({ java.lang.Object option -&amp;gt; ... })</message>
  <nestedLevel>1</nestedLevel>
  <escapedJava>false</escapedJava>
</record>
<record>
  <date>2026-05-13T09:26:06.493119700Z</date>
  <millis>1778664366493</millis>
  <nanos>119700</nanos>
  <sequence>1367</sequence>
  <level>START</level>
  <class>com.kms.katalon.core.logging.XmlKeywordLogger</class>
  <method>startKeyword</method>
  <thread>1</thread>
  <message>Start action : firstValue = get(0).getAttribute(&amp;quot;value&amp;quot;)</message>
  <nestedLevel>1</nestedLevel>
  <escapedJava>false</escapedJava>
  <property name="startLine">41</property>
  <property name="stepIndex">9</property>
</record>
<record>
  <date>2026-05-13T09:26:06.504086400Z</date>
  <millis>1778664366504</millis>
  <nanos>86400</nanos>
  <sequence>1368</sequence>
  <level>END</level>
  <class>com.kms.katalon.core.logging.XmlKeywordLogger</class>
  <method>endKeyword</method>
  <thread>1</thread>
  <message>End action : firstValue = get(0).getAttribute(&amp;quot;value&amp;quot;)</message>
  <nestedLevel>1</nestedLevel>
  <escapedJava>false</escapedJava>
</record>
<record>
  <date>2026-05-13T09:26:06.504086400Z</date>
  <millis>1778664366504</millis>
  <nanos>86400</nanos>
  <sequence>1369</sequence>
  <level>START</level>
  <class>com.kms.katalon.core.logging.XmlKeywordLogger</class>
  <method>startKeyword</method>
  <thread>1</thread>
  <message>Start action : selectElement.selectByValue(firstValue)</message>
  <nestedLevel>1</nestedLevel>
  <escapedJava>false</escapedJava>
  <property name="startLine">42</property>
  <property name="stepIndex">10</property>
</record>
<record>
  <date>2026-05-13T09:26:06.803112600Z</date>
  <millis>1778664366803</millis>
  <nanos>112600</nanos>
  <sequence>1371</sequence>
  <level>END</level>
  <class>com.kms.katalon.core.logging.XmlKeywordLogger</class>
  <method>endKeyword</method>
  <thread>1</thread>
  <message>End action : selectElement.selectByValue(firstValue)</message>
  <nestedLevel>1</nestedLevel>
  <escapedJava>false</escapedJava>
</record>
<record>
  <date>2026-05-13T09:26:06.803112600Z</date>
  <millis>1778664366803</millis>
  <nanos>112600</nanos>
  <sequence>1372</sequence>
  <level>START</level>
  <class>com.kms.katalon.core.logging.XmlKeywordLogger</class>
  <method>startKeyword</method>
  <thread>1</thread>
  <message>Start action : click(findTestObject(&amp;quot;Web/Loan/btn_submit&amp;quot;))</message>
  <nestedLevel>1</nestedLevel>
  <escapedJava>false</escapedJava>
  <property name="startLine">44</property>
  <property name="stepIndex">11</property>
</record>
<record>
  <date>2026-05-13T09:26:07.144484900Z</date>
  <millis>1778664367144</millis>
  <nanos>484900</nanos>
  <sequence>1382</sequence>
  <level>PASSED</level>
  <class>com.kms.katalon.core.logging.XmlKeywordLogger</class>
  <method>logMessage</method>
  <thread>1</thread>
  <message>Object: &amp;apos;Object Repository/Web/Loan/btn_submit&amp;apos; is clicked on</message>
  <nestedLevel>1</nestedLevel>
  <escapedJava>false</escapedJava>
  <property name="testops-method-name">com.kms.katalon.core.webui.keyword.builtin.ClickKeyword.click</property>
  <property name="testops-execution-stacktrace"></property>
</record>
<record>
  <date>2026-05-13T09:26:07.146254600Z</date>
  <millis>1778664367146</millis>
  <nanos>254600</nanos>
  <sequence>1383</sequence>
  <level>END</level>
  <class>com.kms.katalon.core.logging.XmlKeywordLogger</class>
  <method>endKeyword</method>
  <thread>1</thread>
  <message>End action : click(findTestObject(&amp;quot;Web/Loan/btn_submit&amp;quot;))</message>
  <nestedLevel>1</nestedLevel>
  <escapedJava>false</escapedJava>
</record>
<record>
  <date>2026-05-13T09:26:07.146958500Z</date>
  <millis>1778664367146</millis>
  <nanos>958500</nanos>
  <sequence>1384</sequence>
  <level>START</level>
  <class>com.kms.katalon.core.logging.XmlKeywordLogger</class>
  <method>startKeyword</method>
  <thread>1</thread>
  <message>Start action : waitForElementPresent(findTestObject(&amp;quot;Web/Loan/lbl_statusLoan&amp;quot;), 5)</message>
  <nestedLevel>1</nestedLevel>
  <escapedJava>false</escapedJava>
  <property name="startLine">46</property>
  <property name="stepIndex">12</property>
</record>
<record>
  <date>2026-05-13T09:26:07.961675500Z</date>
  <millis>1778664367961</millis>
  <nanos>675500</nanos>
  <sequence>1392</sequence>
  <level>PASSED</level>
  <class>com.kms.katalon.core.logging.XmlKeywordLogger</class>
  <method>logMessage</method>
  <thread>1</thread>
  <message>Object &amp;apos;Object Repository/Web/Loan/lbl_statusLoan&amp;apos; is present</message>
  <nestedLevel>1</nestedLevel>
  <escapedJava>false</escapedJava>
  <property name="testops-method-name">com.kms.katalon.core.webui.keyword.builtin.WaitForElementPresentKeyword.waitForElementPresent</property>
  <property name="testops-execution-stacktrace"></property>
</record>
<record>
  <date>2026-05-13T09:26:07.963690100Z</date>
  <millis>1778664367963</millis>
  <nanos>690100</nanos>
  <sequence>1393</sequence>
  <level>END</level>
  <class>com.kms.katalon.core.logging.XmlKeywordLogger</class>
  <method>endKeyword</method>
  <thread>1</thread>
  <message>End action : waitForElementPresent(findTestObject(&amp;quot;Web/Loan/lbl_statusLoan&amp;quot;), 5)</message>
  <nestedLevel>1</nestedLevel>
  <escapedJava>false</escapedJava>
</record>
<record>
  <date>2026-05-13T09:26:07.964667Z</date>
  <millis>1778664367964</millis>
  <nanos>667000</nanos>
  <sequence>1394</sequence>
  <level>START</level>
  <class>com.kms.katalon.core.logging.XmlKeywordLogger</class>
  <method>startKeyword</method>
  <thread>1</thread>
  <message>Start action : verifyElementText(findTestObject(&amp;quot;Web/Loan/lbl_statusLoan&amp;quot;), &amp;quot;Approved&amp;quot;)</message>
  <nestedLevel>1</nestedLevel>
  <escapedJava>false</escapedJava>
  <property name="startLine">47</property>
  <property name="stepIndex">13</property>
</record>
<record>
  <date>2026-05-13T09:26:08.242960700Z</date>
  <millis>1778664368242</millis>
  <nanos>960700</nanos>
  <sequence>1402</sequence>
  <level>PASSED</level>
  <class>com.kms.katalon.core.logging.XmlKeywordLogger</class>
  <method>logMessage</method>
  <thread>1</thread>
  <message>Actual text and expected text of test object &amp;apos;Object Repository/Web/Loan/lbl_statusLoan&amp;apos; are matched.</message>
  <nestedLevel>1</nestedLevel>
  <escapedJava>false</escapedJava>
  <property name="testops-is-assertion">true</property>
  <property name="testops-method-name">com.kms.katalon.core.webui.keyword.builtin.VerifyElementTextKeyword.verifyElementText</property>
  <property name="testops-execution-stacktrace"></property>
</record>
<record>
  <date>2026-05-13T09:26:08.243974200Z</date>
  <millis>1778664368243</millis>
  <nanos>974200</nanos>
  <sequence>1403</sequence>
  <level>END</level>
  <class>com.kms.katalon.core.logging.XmlKeywordLogger</class>
  <method>endKeyword</method>
  <thread>1</thread>
  <message>End action : verifyElementText(findTestObject(&amp;quot;Web/Loan/lbl_statusLoan&amp;quot;), &amp;quot;Approved&amp;quot;)</message>
  <nestedLevel>1</nestedLevel>
  <escapedJava>false</escapedJava>
</record>
<record>
  <date>2026-05-13T09:26:08.244960900Z</date>
  <millis>1778664368244</millis>
  <nanos>960900</nanos>
  <sequence>1404</sequence>
  <level>START</level>
  <class>com.kms.katalon.core.logging.XmlKeywordLogger</class>
  <method>startKeyword</method>
  <thread>1</thread>
  <message>Start action : takeScreenshot(screenshotPath + &amp;quot;TC-01-getLoan.png&amp;quot;)</message>
  <nestedLevel>1</nestedLevel>
  <escapedJava>false</escapedJava>
  <property name="startLine">49</property>
  <property name="stepIndex">14</property>
</record>
<record>
  <date>2026-05-13T09:26:08.603071800Z</date>
  <millis>1778664368603</millis>
  <nanos>71800</nanos>
  <sequence>1406</sequence>
  <level>PASSED</level>
  <class>com.kms.katalon.core.logging.XmlKeywordLogger</class>
  <method>logMessage</method>
  <thread>1</thread>
  <message>Taking screenshot successfully</message>
  <nestedLevel>1</nestedLevel>
  <escapedJava>false</escapedJava>
  <property name="attachment">C:\Users\AVOWS\git\Katalon-Testing-web-automation\screenshot\TC-01-getLoan.png</property>
  <property name="testops-method-name">com.kms.katalon.core.webui.keyword.builtin.TakeScreenshotKeyword.takeScreenshot</property>
  <property name="testops-execution-stacktrace"></property>
</record>
<record>
  <date>2026-05-13T09:26:08.603945800Z</date>
  <millis>1778664368603</millis>
  <nanos>945800</nanos>
  <sequence>1407</sequence>
  <level>END</level>
  <class>com.kms.katalon.core.logging.XmlKeywordLogger</class>
  <method>endKeyword</method>
  <thread>1</thread>
  <message>End action : takeScreenshot(screenshotPath + &amp;quot;TC-01-getLoan.png&amp;quot;)</message>
  <nestedLevel>1</nestedLevel>
  <escapedJava>false</escapedJava>
</record>
<record>
  <date>2026-05-13T09:26:08.604957900Z</date>
  <millis>1778664368604</millis>
  <nanos>957900</nanos>
  <sequence>1408</sequence>
  <level>START</level>
  <class>com.kms.katalon.core.logging.XmlKeywordLogger</class>
  <method>startKeyword</method>
  <thread>1</thread>
  <message>Start action : closeBrowser()</message>
  <nestedLevel>1</nestedLevel>
  <escapedJava>false</escapedJava>
  <property name="startLine">51</property>
  <property name="stepIndex">15</property>
</record>
<record>
  <date>2026-05-13T09:26:08.902588Z</date>
  <millis>1778664368902</millis>
  <nanos>588000</nanos>
  <sequence>1410</sequence>
  <level>PASSED</level>
  <class>com.kms.katalon.core.logging.XmlKeywordLogger</class>
  <method>logMessage</method>
  <thread>1</thread>
  <message>Browser is closed</message>
  <nestedLevel>1</nestedLevel>
  <escapedJava>false</escapedJava>
  <property name="testops-method-name">com.kms.katalon.core.webui.keyword.builtin.CloseBrowserKeyword.closeBrowser</property>
  <property name="testops-execution-stacktrace"></property>
</record>
<record>
  <date>2026-05-13T09:26:08.904727500Z</date>
  <millis>1778664368904</millis>
  <nanos>727500</nanos>
  <sequence>1411</sequence>
  <level>END</level>
  <class>com.kms.katalon.core.logging.XmlKeywordLogger</class>
  <method>endKeyword</method>
  <thread>1</thread>
  <message>End action : closeBrowser()</message>
  <nestedLevel>1</nestedLevel>
  <escapedJava>false</escapedJava>
</record>
<record>
  <date>2026-05-13T09:26:08.904727500Z</date>
  <millis>1778664368904</millis>
  <nanos>727500</nanos>
  <sequence>1412</sequence>
  <level>START</level>
  <class>com.kms.katalon.core.logging.XmlKeywordLogger</class>
  <method>startKeyword</method>
  <thread>1</thread>
  <message>Start action : println(&amp;quot;TC-loan-01 Request loan Pass -Berhasil request loan&amp;quot;)</message>
  <nestedLevel>1</nestedLevel>
  <escapedJava>false</escapedJava>
  <property name="startLine">52</property>
  <property name="stepIndex">16</property>
</record>
<record>
  <date>2026-05-13T09:26:08.905724200Z</date>
  <millis>1778664368905</millis>
  <nanos>724200</nanos>
  <sequence>1413</sequence>
  <level>END</level>
  <class>com.kms.katalon.core.logging.XmlKeywordLogger</class>
  <method>endKeyword</method>
  <thread>1</thread>
  <message>End action : println(&amp;quot;TC-loan-01 Request loan Pass -Berhasil request loan&amp;quot;)</message>
  <nestedLevel>1</nestedLevel>
  <escapedJava>false</escapedJava>
</record>
<record>
  <date>2026-05-13T09:26:08.906722900Z</date>
  <millis>1778664368906</millis>
  <nanos>722900</nanos>
  <sequence>1414</sequence>
  <level>PASSED</level>
  <class>com.kms.katalon.core.logging.XmlKeywordLogger</class>
  <method>logMessage</method>
  <thread>1</thread>
  <message>Test Cases/Web/Loan/TC-Loan_01-Request Loan</message>
  <nestedLevel>1</nestedLevel>
  <escapedJava>false</escapedJava>
</record>
<record>
  <date>2026-05-13T09:26:08.907715Z</date>
  <millis>1778664368907</millis>
  <nanos>715000</nanos>
  <sequence>1415</sequence>
  <level>END</level>
  <class>com.kms.katalon.core.logging.XmlKeywordLogger</class>
  <method>endTest</method>
  <thread>1</thread>
  <message>End Test Case : Test Cases/Web/Loan/TC-Loan_01-Request Loan</message>
  <nestedLevel>0</nestedLevel>
  <escapedJava>false</escapedJava>
  <property name="executionBindingVariables">[]</property>
  <property name="applitools">false</property>
  <property name="keywordsUsage">{
  &quot;web_ui&quot;: true,
  &quot;web_service&quot;: false,
  &quot;cucumber&quot;: false,
  &quot;builtin&quot;: false,
  &quot;mobile&quot;: false,
  &quot;windows&quot;: false,
  &quot;testng&quot;: false
}</property>
</record>
<record>
  <date>2026-05-13T09:26:08.912699400Z</date>
  <millis>1778664368912</millis>
  <nanos>699400</nanos>
  <sequence>1416</sequence>
  <level>START</level>
  <class>com.kms.katalon.core.logging.XmlKeywordLogger</class>
  <method>startTest</method>
  <thread>1</thread>
  <message>Start Test Case : Test Cases/Web/FindTransfer/TC-FTR_01 ByAmount</message>
  <nestedLevel>1</nestedLevel>
  <escapedJava>false</escapedJava>
  <property name="name">Test Cases/Web/FindTransfer/TC-FTR_01 ByAmount</property>
  <property name="description"></property>
  <property name="iteration"></property>
  <property name="id">Test Cases/Web/FindTransfer/TC-FTR_01 ByAmount</property>
  <property name="source">C:\Users\AVOWS\git\Katalon-Testing-web-automation\Test Cases\Web\FindTransfer\TC-FTR_01 ByAmount.tc</property>
  <property name="tag"></property>
  <property name="isOptional">false</property>
</record>
<record>
  <date>2026-05-13T09:26:09.177564200Z</date>
  <millis>1778664369177</millis>
  <nanos>564200</nanos>
  <sequence>1418</sequence>
  <level>START</level>
  <class>com.kms.katalon.core.logging.XmlKeywordLogger</class>
  <method>startKeyword</method>
  <thread>1</thread>
  <message>Start action : common.WebHelper.login(&amp;quot;Haryadi01&amp;quot;, &amp;quot;qwerty123&amp;quot;)</message>
  <nestedLevel>1</nestedLevel>
  <escapedJava>false</escapedJava>
  <property name="startLine">25</property>
  <property name="stepIndex">1</property>
</record>
<record>
  <date>2026-05-13T09:26:09.181550600Z</date>
  <millis>1778664369181</millis>
  <nanos>550600</nanos>
  <sequence>1420</sequence>
  <level>INFO</level>
  <class>com.kms.katalon.core.logging.XmlKeywordLogger</class>
  <method>logMessage</method>
  <thread>1</thread>
  <message>Starting &amp;apos;Chrome&amp;apos; driver</message>
  <nestedLevel>1</nestedLevel>
  <escapedJava>false</escapedJava>
</record>
<record>
  <date>2026-05-13T09:26:09.183549300Z</date>
  <millis>1778664369183</millis>
  <nanos>549300</nanos>
  <sequence>1421</sequence>
  <level>INFO</level>
  <class>com.kms.katalon.core.logging.XmlKeywordLogger</class>
  <method>logMessage</method>
  <thread>1</thread>
  <message>Action delay is set to 0 milliseconds</message>
  <nestedLevel>1</nestedLevel>
  <escapedJava>false</escapedJava>
</record>
<record>
  <date>2026-05-13T09:26:11.342827700Z</date>
  <millis>1778664371342</millis>
  <nanos>827700</nanos>
  <sequence>1424</sequence>
  <level>RUN_DATA</level>
  <class>com.kms.katalon.core.logging.XmlKeywordLogger</class>
  <method>logMessage</method>
  <thread>1</thread>
  <message>sessionId = 6638144a562fb7920270c7ceefaadd82</message>
  <nestedLevel>1</nestedLevel>
  <escapedJava>false</escapedJava>
  <property name="sessionId">6638144a562fb7920270c7ceefaadd82</property>
</record>
<record>
  <date>2026-05-13T09:26:11.345308500Z</date>
  <millis>1778664371345</millis>
  <nanos>308500</nanos>
  <sequence>1425</sequence>
  <level>RUN_DATA</level>
  <class>com.kms.katalon.core.logging.XmlKeywordLogger</class>
  <method>logMessage</method>
  <thread>1</thread>
  <message>browser = Chrome 147.0.7727.138</message>
  <nestedLevel>1</nestedLevel>
  <escapedJava>false</escapedJava>
  <property name="browser">Chrome 147.0.7727.138</property>
</record>
<record>
  <date>2026-05-13T09:26:11.346357600Z</date>
  <millis>1778664371346</millis>
  <nanos>357600</nanos>
  <sequence>1426</sequence>
  <level>RUN_DATA</level>
  <class>com.kms.katalon.core.logging.XmlKeywordLogger</class>
  <method>logMessage</method>
  <thread>1</thread>
  <message>platform = Windows 10</message>
  <nestedLevel>1</nestedLevel>
  <escapedJava>false</escapedJava>
  <property name="platform">Windows 10</property>
</record>
<record>
  <date>2026-05-13T09:26:11.348354700Z</date>
  <millis>1778664371348</millis>
  <nanos>354700</nanos>
  <sequence>1427</sequence>
  <level>RUN_DATA</level>
  <class>com.kms.katalon.core.logging.XmlKeywordLogger</class>
  <method>logMessage</method>
  <thread>1</thread>
  <message>seleniumVersion = 4.28.1</message>
  <nestedLevel>1</nestedLevel>
  <escapedJava>false</escapedJava>
  <property name="seleniumVersion">4.28.1</property>
</record>
<record>
  <date>2026-05-13T09:26:11.350646300Z</date>
  <millis>1778664371350</millis>
  <nanos>646300</nanos>
  <sequence>1428</sequence>
  <level>RUN_DATA</level>
  <class>com.kms.katalon.core.logging.XmlKeywordLogger</class>
  <method>logMessage</method>
  <thread>1</thread>
  <message>proxyInformation = ProxyInformation { proxyOption=NO_PROXY, proxyServerType=HTTP, username=, password=********, proxyServerAddress=, proxyServerPort=0, executionList=&amp;quot;&amp;quot;, isApplyToDesiredCapabilities=true }</message>
  <nestedLevel>1</nestedLevel>
  <escapedJava>false</escapedJava>
  <property name="proxyInformation">ProxyInformation { proxyOption=NO_PROXY, proxyServerType=HTTP, username=, password=********, proxyServerAddress=, proxyServerPort=0, executionList=&quot;&quot;, isApplyToDesiredCapabilities=true }</property>
</record>
<record>
  <date>2026-05-13T09:26:13.193672800Z</date>
  <millis>1778664373193</millis>
  <nanos>672800</nanos>
  <sequence>1430</sequence>
  <level>PASSED</level>
  <class>com.kms.katalon.core.logging.XmlKeywordLogger</class>
  <method>logMessage</method>
  <thread>1</thread>
  <message>Browser is opened with url: &amp;apos;https://parabank.parasoft.com&amp;apos;</message>
  <nestedLevel>1</nestedLevel>
  <escapedJava>false</escapedJava>
  <property name="testops-method-name">com.kms.katalon.core.webui.keyword.builtin.OpenBrowserKeyword.openBrowser</property>
  <property name="testops-execution-stacktrace"></property>
</record>
<record>
  <date>2026-05-13T09:26:13.938302400Z</date>
  <millis>1778664373938</millis>
  <nanos>302400</nanos>
  <sequence>1446</sequence>
  <level>PASSED</level>
  <class>com.kms.katalon.core.logging.XmlKeywordLogger</class>
  <method>logMessage</method>
  <thread>1</thread>
  <message>Text &amp;apos;Haryadi01&amp;apos; is set on object &amp;apos;Object Repository/Web/Login/txt_username&amp;apos;</message>
  <nestedLevel>1</nestedLevel>
  <escapedJava>false</escapedJava>
  <property name="testops-method-name">com.kms.katalon.core.webui.keyword.builtin.SetTextKeyword.setText</property>
  <property name="testops-execution-stacktrace"></property>
</record>
<record>
  <date>2026-05-13T09:26:14.551841300Z</date>
  <millis>1778664374551</millis>
  <nanos>841300</nanos>
  <sequence>1462</sequence>
  <level>PASSED</level>
  <class>com.kms.katalon.core.logging.XmlKeywordLogger</class>
  <method>logMessage</method>
  <thread>1</thread>
  <message>Text &amp;apos;qwerty123&amp;apos; is set on object &amp;apos;Object Repository/Web/Login/txt_password&amp;apos;</message>
  <nestedLevel>1</nestedLevel>
  <escapedJava>false</escapedJava>
  <property name="testops-method-name">com.kms.katalon.core.webui.keyword.builtin.SetTextKeyword.setText</property>
  <property name="testops-execution-stacktrace"></property>
</record>
<record>
  <date>2026-05-13T09:26:15.485265200Z</date>
  <millis>1778664375485</millis>
  <nanos>265200</nanos>
  <sequence>1472</sequence>
  <level>PASSED</level>
  <class>com.kms.katalon.core.logging.XmlKeywordLogger</class>
  <method>logMessage</method>
  <thread>1</thread>
  <message>Object: &amp;apos;Object Repository/Web/Login/btn_login&amp;apos; is clicked on</message>
  <nestedLevel>1</nestedLevel>
  <escapedJava>false</escapedJava>
  <property name="testops-method-name">com.kms.katalon.core.webui.keyword.builtin.ClickKeyword.click</property>
  <property name="testops-execution-stacktrace"></property>
</record>
<record>
  <date>2026-05-13T09:26:15.486309300Z</date>
  <millis>1778664375486</millis>
  <nanos>309300</nanos>
  <sequence>1473</sequence>
  <level>PASSED</level>
  <class>com.kms.katalon.core.logging.XmlKeywordLogger</class>
  <method>logMessage</method>
  <thread>1</thread>
  <message>common.WebHelper.login is PASSED</message>
  <nestedLevel>1</nestedLevel>
  <escapedJava>false</escapedJava>
</record>
<record>
  <date>2026-05-13T09:26:15.488310200Z</date>
  <millis>1778664375488</millis>
  <nanos>310200</nanos>
  <sequence>1474</sequence>
  <level>END</level>
  <class>com.kms.katalon.core.logging.XmlKeywordLogger</class>
  <method>endKeyword</method>
  <thread>1</thread>
  <message>End action : common.WebHelper.login(&amp;quot;Haryadi01&amp;quot;, &amp;quot;qwerty123&amp;quot;)</message>
  <nestedLevel>1</nestedLevel>
  <escapedJava>false</escapedJava>
</record>
<record>
  <date>2026-05-13T09:26:15.489305500Z</date>
  <millis>1778664375489</millis>
  <nanos>305500</nanos>
  <sequence>1475</sequence>
  <level>START</level>
  <class>com.kms.katalon.core.logging.XmlKeywordLogger</class>
  <method>startKeyword</method>
  <thread>1</thread>
  <message>Start action : click(findTestObject(&amp;quot;Web/Home/link_findTransfer&amp;quot;))</message>
  <nestedLevel>1</nestedLevel>
  <escapedJava>false</escapedJava>
  <property name="startLine">27</property>
  <property name="stepIndex">2</property>
</record>
<record>
  <date>2026-05-13T09:26:16.566260100Z</date>
  <millis>1778664376566</millis>
  <nanos>260100</nanos>
  <sequence>1485</sequence>
  <level>PASSED</level>
  <class>com.kms.katalon.core.logging.XmlKeywordLogger</class>
  <method>logMessage</method>
  <thread>1</thread>
  <message>Object: &amp;apos;Object Repository/Web/Home/link_findTransfer&amp;apos; is clicked on</message>
  <nestedLevel>1</nestedLevel>
  <escapedJava>false</escapedJava>
  <property name="testops-method-name">com.kms.katalon.core.webui.keyword.builtin.ClickKeyword.click</property>
  <property name="testops-execution-stacktrace"></property>
</record>
<record>
  <date>2026-05-13T09:26:16.569316600Z</date>
  <millis>1778664376569</millis>
  <nanos>316600</nanos>
  <sequence>1486</sequence>
  <level>END</level>
  <class>com.kms.katalon.core.logging.XmlKeywordLogger</class>
  <method>endKeyword</method>
  <thread>1</thread>
  <message>End action : click(findTestObject(&amp;quot;Web/Home/link_findTransfer&amp;quot;))</message>
  <nestedLevel>1</nestedLevel>
  <escapedJava>false</escapedJava>
</record>
<record>
  <date>2026-05-13T09:26:16.570129100Z</date>
  <millis>1778664376570</millis>
  <nanos>129100</nanos>
  <sequence>1487</sequence>
  <level>START</level>
  <class>com.kms.katalon.core.logging.XmlKeywordLogger</class>
  <method>startKeyword</method>
  <thread>1</thread>
  <message>Start action : driver = getWebDriver()</message>
  <nestedLevel>1</nestedLevel>
  <escapedJava>false</escapedJava>
  <property name="startLine">29</property>
  <property name="stepIndex">3</property>
</record>
<record>
  <date>2026-05-13T09:26:16.572941600Z</date>
  <millis>1778664376572</millis>
  <nanos>941600</nanos>
  <sequence>1488</sequence>
  <level>END</level>
  <class>com.kms.katalon.core.logging.XmlKeywordLogger</class>
  <method>endKeyword</method>
  <thread>1</thread>
  <message>End action : driver = getWebDriver()</message>
  <nestedLevel>1</nestedLevel>
  <escapedJava>false</escapedJava>
</record>
<record>
  <date>2026-05-13T09:26:16.574232300Z</date>
  <millis>1778664376574</millis>
  <nanos>232300</nanos>
  <sequence>1489</sequence>
  <level>START</level>
  <class>com.kms.katalon.core.logging.XmlKeywordLogger</class>
  <method>startKeyword</method>
  <thread>1</thread>
  <message>Start action : selectElement = new org.openqa.selenium.support.ui.Select(driver.findElement(org.openqa.selenium.By.cssSelector(#accountId)))</message>
  <nestedLevel>1</nestedLevel>
  <escapedJava>false</escapedJava>
  <property name="startLine">30</property>
  <property name="stepIndex">4</property>
</record>
<record>
  <date>2026-05-13T09:26:16.973843700Z</date>
  <millis>1778664376973</millis>
  <nanos>843700</nanos>
  <sequence>1491</sequence>
  <level>END</level>
  <class>com.kms.katalon.core.logging.XmlKeywordLogger</class>
  <method>endKeyword</method>
  <thread>1</thread>
  <message>End action : selectElement = new org.openqa.selenium.support.ui.Select(driver.findElement(org.openqa.selenium.By.cssSelector(#accountId)))</message>
  <nestedLevel>1</nestedLevel>
  <escapedJava>false</escapedJava>
</record>
<record>
  <date>2026-05-13T09:26:16.974825400Z</date>
  <millis>1778664376974</millis>
  <nanos>825400</nanos>
  <sequence>1492</sequence>
  <level>START</level>
  <class>com.kms.katalon.core.logging.XmlKeywordLogger</class>
  <method>startKeyword</method>
  <thread>1</thread>
  <message>Start action : options = selectElement.getOptions()</message>
  <nestedLevel>1</nestedLevel>
  <escapedJava>false</escapedJava>
  <property name="startLine">34</property>
  <property name="stepIndex">5</property>
</record>
<record>
  <date>2026-05-13T09:26:17.242634300Z</date>
  <millis>1778664377242</millis>
  <nanos>634300</nanos>
  <sequence>1494</sequence>
  <level>END</level>
  <class>com.kms.katalon.core.logging.XmlKeywordLogger</class>
  <method>endKeyword</method>
  <thread>1</thread>
  <message>End action : options = selectElement.getOptions()</message>
  <nestedLevel>1</nestedLevel>
  <escapedJava>false</escapedJava>
</record>
<record>
  <date>2026-05-13T09:26:17.242634300Z</date>
  <millis>1778664377242</millis>
  <nanos>634300</nanos>
  <sequence>1495</sequence>
  <level>START</level>
  <class>com.kms.katalon.core.logging.XmlKeywordLogger</class>
  <method>startKeyword</method>
  <thread>1</thread>
  <message>Start action : options.each({ java.lang.Object option -&amp;gt; ... })</message>
  <nestedLevel>1</nestedLevel>
  <escapedJava>false</escapedJava>
  <property name="startLine">35</property>
  <property name="stepIndex">6</property>
</record>
<record>
  <date>2026-05-13T09:26:17.314363200Z</date>
  <millis>1778664377314</millis>
  <nanos>363200</nanos>
  <sequence>1496</sequence>
  <level>END</level>
  <class>com.kms.katalon.core.logging.XmlKeywordLogger</class>
  <method>endKeyword</method>
  <thread>1</thread>
  <message>End action : options.each({ java.lang.Object option -&amp;gt; ... })</message>
  <nestedLevel>1</nestedLevel>
  <escapedJava>false</escapedJava>
</record>
<record>
  <date>2026-05-13T09:26:17.314363200Z</date>
  <millis>1778664377314</millis>
  <nanos>363200</nanos>
  <sequence>1497</sequence>
  <level>START</level>
  <class>com.kms.katalon.core.logging.XmlKeywordLogger</class>
  <method>startKeyword</method>
  <thread>1</thread>
  <message>Start action : firstValue = get(0).getAttribute(&amp;quot;value&amp;quot;)</message>
  <nestedLevel>1</nestedLevel>
  <escapedJava>false</escapedJava>
  <property name="startLine">39</property>
  <property name="stepIndex">7</property>
</record>
<record>
  <date>2026-05-13T09:26:17.322325300Z</date>
  <millis>1778664377322</millis>
  <nanos>325300</nanos>
  <sequence>1498</sequence>
  <level>END</level>
  <class>com.kms.katalon.core.logging.XmlKeywordLogger</class>
  <method>endKeyword</method>
  <thread>1</thread>
  <message>End action : firstValue = get(0).getAttribute(&amp;quot;value&amp;quot;)</message>
  <nestedLevel>1</nestedLevel>
  <escapedJava>false</escapedJava>
</record>
<record>
  <date>2026-05-13T09:26:17.323321600Z</date>
  <millis>1778664377323</millis>
  <nanos>321600</nanos>
  <sequence>1499</sequence>
  <level>START</level>
  <class>com.kms.katalon.core.logging.XmlKeywordLogger</class>
  <method>startKeyword</method>
  <thread>1</thread>
  <message>Start action : selectElement.selectByValue(firstValue)</message>
  <nestedLevel>1</nestedLevel>
  <escapedJava>false</escapedJava>
  <property name="startLine">40</property>
  <property name="stepIndex">8</property>
</record>
<record>
  <date>2026-05-13T09:26:17.625077Z</date>
  <millis>1778664377625</millis>
  <nanos>77000</nanos>
  <sequence>1501</sequence>
  <level>END</level>
  <class>com.kms.katalon.core.logging.XmlKeywordLogger</class>
  <method>endKeyword</method>
  <thread>1</thread>
  <message>End action : selectElement.selectByValue(firstValue)</message>
  <nestedLevel>1</nestedLevel>
  <escapedJava>false</escapedJava>
</record>
<record>
  <date>2026-05-13T09:26:17.626088100Z</date>
  <millis>1778664377626</millis>
  <nanos>88100</nanos>
  <sequence>1502</sequence>
  <level>START</level>
  <class>com.kms.katalon.core.logging.XmlKeywordLogger</class>
  <method>startKeyword</method>
  <thread>1</thread>
  <message>Start action : setText(findTestObject(&amp;quot;Web/FindTransf/txt_amount&amp;quot;), &amp;quot;150&amp;quot;)</message>
  <nestedLevel>1</nestedLevel>
  <escapedJava>false</escapedJava>
  <property name="startLine">42</property>
  <property name="stepIndex">9</property>
</record>
<record>
  <date>2026-05-13T09:26:18.244561300Z</date>
  <millis>1778664378244</millis>
  <nanos>561300</nanos>
  <sequence>1518</sequence>
  <level>PASSED</level>
  <class>com.kms.katalon.core.logging.XmlKeywordLogger</class>
  <method>logMessage</method>
  <thread>1</thread>
  <message>Text &amp;apos;150&amp;apos; is set on object &amp;apos;Object Repository/Web/FindTransf/txt_amount&amp;apos;</message>
  <nestedLevel>1</nestedLevel>
  <escapedJava>false</escapedJava>
  <property name="testops-method-name">com.kms.katalon.core.webui.keyword.builtin.SetTextKeyword.setText</property>
  <property name="testops-execution-stacktrace"></property>
</record>
<record>
  <date>2026-05-13T09:26:18.246569500Z</date>
  <millis>1778664378246</millis>
  <nanos>569500</nanos>
  <sequence>1519</sequence>
  <level>END</level>
  <class>com.kms.katalon.core.logging.XmlKeywordLogger</class>
  <method>endKeyword</method>
  <thread>1</thread>
  <message>End action : setText(findTestObject(&amp;quot;Web/FindTransf/txt_amount&amp;quot;), &amp;quot;150&amp;quot;)</message>
  <nestedLevel>1</nestedLevel>
  <escapedJava>false</escapedJava>
</record>
<record>
  <date>2026-05-13T09:26:18.247584Z</date>
  <millis>1778664378247</millis>
  <nanos>584000</nanos>
  <sequence>1520</sequence>
  <level>START</level>
  <class>com.kms.katalon.core.logging.XmlKeywordLogger</class>
  <method>startKeyword</method>
  <thread>1</thread>
  <message>Start action : click(findTestObject(&amp;quot;Web/FindTransf/btn_findByAmount&amp;quot;))</message>
  <nestedLevel>1</nestedLevel>
  <escapedJava>false</escapedJava>
  <property name="startLine">43</property>
  <property name="stepIndex">10</property>
</record>
<record>
  <date>2026-05-13T09:26:18.572612100Z</date>
  <millis>1778664378572</millis>
  <nanos>612100</nanos>
  <sequence>1530</sequence>
  <level>PASSED</level>
  <class>com.kms.katalon.core.logging.XmlKeywordLogger</class>
  <method>logMessage</method>
  <thread>1</thread>
  <message>Object: &amp;apos;Object Repository/Web/FindTransf/btn_findByAmount&amp;apos; is clicked on</message>
  <nestedLevel>1</nestedLevel>
  <escapedJava>false</escapedJava>
  <property name="testops-method-name">com.kms.katalon.core.webui.keyword.builtin.ClickKeyword.click</property>
  <property name="testops-execution-stacktrace"></property>
</record>
<record>
  <date>2026-05-13T09:26:18.576057700Z</date>
  <millis>1778664378576</millis>
  <nanos>57700</nanos>
  <sequence>1531</sequence>
  <level>END</level>
  <class>com.kms.katalon.core.logging.XmlKeywordLogger</class>
  <method>endKeyword</method>
  <thread>1</thread>
  <message>End action : click(findTestObject(&amp;quot;Web/FindTransf/btn_findByAmount&amp;quot;))</message>
  <nestedLevel>1</nestedLevel>
  <escapedJava>false</escapedJava>
</record>
<record>
  <date>2026-05-13T09:26:18.577068500Z</date>
  <millis>1778664378577</millis>
  <nanos>68500</nanos>
  <sequence>1532</sequence>
  <level>START</level>
  <class>com.kms.katalon.core.logging.XmlKeywordLogger</class>
  <method>startKeyword</method>
  <thread>1</thread>
  <message>Start action : waitForElementPresent(findTestObject(&amp;quot;Web/FindTransf/tbl_result&amp;quot;), 5)</message>
  <nestedLevel>1</nestedLevel>
  <escapedJava>false</escapedJava>
  <property name="startLine">45</property>
  <property name="stepIndex">11</property>
</record>
<record>
  <date>2026-05-13T09:26:19.280856Z</date>
  <millis>1778664379280</millis>
  <nanos>856000</nanos>
  <sequence>1540</sequence>
  <level>PASSED</level>
  <class>com.kms.katalon.core.logging.XmlKeywordLogger</class>
  <method>logMessage</method>
  <thread>1</thread>
  <message>Object &amp;apos;Object Repository/Web/FindTransf/tbl_result&amp;apos; is present</message>
  <nestedLevel>1</nestedLevel>
  <escapedJava>false</escapedJava>
  <property name="testops-method-name">com.kms.katalon.core.webui.keyword.builtin.WaitForElementPresentKeyword.waitForElementPresent</property>
  <property name="testops-execution-stacktrace"></property>
</record>
<record>
  <date>2026-05-13T09:26:19.281908Z</date>
  <millis>1778664379281</millis>
  <nanos>908000</nanos>
  <sequence>1541</sequence>
  <level>END</level>
  <class>com.kms.katalon.core.logging.XmlKeywordLogger</class>
  <method>endKeyword</method>
  <thread>1</thread>
  <message>End action : waitForElementPresent(findTestObject(&amp;quot;Web/FindTransf/tbl_result&amp;quot;), 5)</message>
  <nestedLevel>1</nestedLevel>
  <escapedJava>false</escapedJava>
</record>
<record>
  <date>2026-05-13T09:26:19.282893900Z</date>
  <millis>1778664379282</millis>
  <nanos>893900</nanos>
  <sequence>1542</sequence>
  <level>START</level>
  <class>com.kms.katalon.core.logging.XmlKeywordLogger</class>
  <method>startKeyword</method>
  <thread>1</thread>
  <message>Start action : verifyElementPresent(findTestObject(&amp;quot;Web/FindTransf/tbl_firstRow&amp;quot;), 5)</message>
  <nestedLevel>1</nestedLevel>
  <escapedJava>false</escapedJava>
  <property name="startLine">48</property>
  <property name="stepIndex">12</property>
</record>
<record>
  <date>2026-05-13T09:26:19.564905100Z</date>
  <millis>1778664379564</millis>
  <nanos>905100</nanos>
  <sequence>1550</sequence>
  <level>PASSED</level>
  <class>com.kms.katalon.core.logging.XmlKeywordLogger</class>
  <method>logMessage</method>
  <thread>1</thread>
  <message>Object &amp;apos;Object Repository/Web/FindTransf/tbl_firstRow&amp;apos; is present</message>
  <nestedLevel>1</nestedLevel>
  <escapedJava>false</escapedJava>
  <property name="testops-is-assertion">true</property>
  <property name="testops-method-name">com.kms.katalon.core.webui.keyword.builtin.VerifyElementPresentKeyword.verifyElementPresent</property>
  <property name="testops-execution-stacktrace"></property>
</record>
<record>
  <date>2026-05-13T09:26:19.565929200Z</date>
  <millis>1778664379565</millis>
  <nanos>929200</nanos>
  <sequence>1551</sequence>
  <level>END</level>
  <class>com.kms.katalon.core.logging.XmlKeywordLogger</class>
  <method>endKeyword</method>
  <thread>1</thread>
  <message>End action : verifyElementPresent(findTestObject(&amp;quot;Web/FindTransf/tbl_firstRow&amp;quot;), 5)</message>
  <nestedLevel>1</nestedLevel>
  <escapedJava>false</escapedJava>
</record>
<record>
  <date>2026-05-13T09:26:19.565929200Z</date>
  <millis>1778664379565</millis>
  <nanos>929200</nanos>
  <sequence>1552</sequence>
  <level>START</level>
  <class>com.kms.katalon.core.logging.XmlKeywordLogger</class>
  <method>startKeyword</method>
  <thread>1</thread>
  <message>Start action : takeScreenshot(screenshotPath + &amp;quot;TC - FTR By Amount.png&amp;quot;)</message>
  <nestedLevel>1</nestedLevel>
  <escapedJava>false</escapedJava>
  <property name="startLine">49</property>
  <property name="stepIndex">13</property>
</record>
<record>
  <date>2026-05-13T09:26:19.907445400Z</date>
  <millis>1778664379907</millis>
  <nanos>445400</nanos>
  <sequence>1554</sequence>
  <level>PASSED</level>
  <class>com.kms.katalon.core.logging.XmlKeywordLogger</class>
  <method>logMessage</method>
  <thread>1</thread>
  <message>Taking screenshot successfully</message>
  <nestedLevel>1</nestedLevel>
  <escapedJava>false</escapedJava>
  <property name="attachment">C:\Users\AVOWS\git\Katalon-Testing-web-automation\screenshot\TC - FTR By Amount.png</property>
  <property name="testops-method-name">com.kms.katalon.core.webui.keyword.builtin.TakeScreenshotKeyword.takeScreenshot</property>
  <property name="testops-execution-stacktrace"></property>
</record>
<record>
  <date>2026-05-13T09:26:19.908445300Z</date>
  <millis>1778664379908</millis>
  <nanos>445300</nanos>
  <sequence>1555</sequence>
  <level>END</level>
  <class>com.kms.katalon.core.logging.XmlKeywordLogger</class>
  <method>endKeyword</method>
  <thread>1</thread>
  <message>End action : takeScreenshot(screenshotPath + &amp;quot;TC - FTR By Amount.png&amp;quot;)</message>
  <nestedLevel>1</nestedLevel>
  <escapedJava>false</escapedJava>
</record>
<record>
  <date>2026-05-13T09:26:19.908445300Z</date>
  <millis>1778664379908</millis>
  <nanos>445300</nanos>
  <sequence>1556</sequence>
  <level>START</level>
  <class>com.kms.katalon.core.logging.XmlKeywordLogger</class>
  <method>startKeyword</method>
  <thread>1</thread>
  <message>Start action : closeBrowser()</message>
  <nestedLevel>1</nestedLevel>
  <escapedJava>false</escapedJava>
  <property name="startLine">51</property>
  <property name="stepIndex">14</property>
</record>
<record>
  <date>2026-05-13T09:26:20.243458400Z</date>
  <millis>1778664380243</millis>
  <nanos>458400</nanos>
  <sequence>1558</sequence>
  <level>PASSED</level>
  <class>com.kms.katalon.core.logging.XmlKeywordLogger</class>
  <method>logMessage</method>
  <thread>1</thread>
  <message>Browser is closed</message>
  <nestedLevel>1</nestedLevel>
  <escapedJava>false</escapedJava>
  <property name="testops-method-name">com.kms.katalon.core.webui.keyword.builtin.CloseBrowserKeyword.closeBrowser</property>
  <property name="testops-execution-stacktrace"></property>
</record>
<record>
  <date>2026-05-13T09:26:20.244486Z</date>
  <millis>1778664380244</millis>
  <nanos>486000</nanos>
  <sequence>1559</sequence>
  <level>END</level>
  <class>com.kms.katalon.core.logging.XmlKeywordLogger</class>
  <method>endKeyword</method>
  <thread>1</thread>
  <message>End action : closeBrowser()</message>
  <nestedLevel>1</nestedLevel>
  <escapedJava>false</escapedJava>
</record>
<record>
  <date>2026-05-13T09:26:20.244486Z</date>
  <millis>1778664380244</millis>
  <nanos>486000</nanos>
  <sequence>1560</sequence>
  <level>START</level>
  <class>com.kms.katalon.core.logging.XmlKeywordLogger</class>
  <method>startKeyword</method>
  <thread>1</thread>
  <message>Start action : println(&amp;quot;TC-FTR-01 ByAmount Pass - Mencari transaksi menggunakan amount berhasil&amp;quot;)</message>
  <nestedLevel>1</nestedLevel>
  <escapedJava>false</escapedJava>
  <property name="startLine">52</property>
  <property name="stepIndex">15</property>
</record>
<record>
  <date>2026-05-13T09:26:20.246480400Z</date>
  <millis>1778664380246</millis>
  <nanos>480400</nanos>
  <sequence>1561</sequence>
  <level>END</level>
  <class>com.kms.katalon.core.logging.XmlKeywordLogger</class>
  <method>endKeyword</method>
  <thread>1</thread>
  <message>End action : println(&amp;quot;TC-FTR-01 ByAmount Pass - Mencari transaksi menggunakan amount berhasil&amp;quot;)</message>
  <nestedLevel>1</nestedLevel>
  <escapedJava>false</escapedJava>
</record>
<record>
  <date>2026-05-13T09:26:20.246480400Z</date>
  <millis>1778664380246</millis>
  <nanos>480400</nanos>
  <sequence>1562</sequence>
  <level>PASSED</level>
  <class>com.kms.katalon.core.logging.XmlKeywordLogger</class>
  <method>logMessage</method>
  <thread>1</thread>
  <message>Test Cases/Web/FindTransfer/TC-FTR_01 ByAmount</message>
  <nestedLevel>1</nestedLevel>
  <escapedJava>false</escapedJava>
</record>
<record>
  <date>2026-05-13T09:26:20.247486500Z</date>
  <millis>1778664380247</millis>
  <nanos>486500</nanos>
  <sequence>1563</sequence>
  <level>END</level>
  <class>com.kms.katalon.core.logging.XmlKeywordLogger</class>
  <method>endTest</method>
  <thread>1</thread>
  <message>End Test Case : Test Cases/Web/FindTransfer/TC-FTR_01 ByAmount</message>
  <nestedLevel>0</nestedLevel>
  <escapedJava>false</escapedJava>
  <property name="executionBindingVariables">[]</property>
  <property name="applitools">false</property>
  <property name="keywordsUsage">{
  &quot;web_ui&quot;: true,
  &quot;web_service&quot;: false,
  &quot;cucumber&quot;: false,
  &quot;builtin&quot;: false,
  &quot;mobile&quot;: false,
  &quot;windows&quot;: false,
  &quot;testng&quot;: false
}</property>
</record>
<record>
  <date>2026-05-13T09:26:20.251490500Z</date>
  <millis>1778664380251</millis>
  <nanos>490500</nanos>
  <sequence>1564</sequence>
  <level>START</level>
  <class>com.kms.katalon.core.logging.XmlKeywordLogger</class>
  <method>startTest</method>
  <thread>1</thread>
  <message>Start Test Case : Test Cases/Web/FindTransfer/TC-FTR_02 ByDate</message>
  <nestedLevel>1</nestedLevel>
  <escapedJava>false</escapedJava>
  <property name="name">Test Cases/Web/FindTransfer/TC-FTR_02 ByDate</property>
  <property name="description"></property>
  <property name="iteration"></property>
  <property name="id">Test Cases/Web/FindTransfer/TC-FTR_02 ByDate</property>
  <property name="source">C:\Users\AVOWS\git\Katalon-Testing-web-automation\Test Cases\Web\FindTransfer\TC-FTR_02 ByDate.tc</property>
  <property name="tag"></property>
  <property name="isOptional">false</property>
</record>
<record>
  <date>2026-05-13T09:26:20.468937900Z</date>
  <millis>1778664380468</millis>
  <nanos>937900</nanos>
  <sequence>1566</sequence>
  <level>START</level>
  <class>com.kms.katalon.core.logging.XmlKeywordLogger</class>
  <method>startKeyword</method>
  <thread>1</thread>
  <message>Start action : common.WebHelper.login(&amp;quot;Haryadi01&amp;quot;, &amp;quot;qwerty123&amp;quot;)</message>
  <nestedLevel>1</nestedLevel>
  <escapedJava>false</escapedJava>
  <property name="startLine">25</property>
  <property name="stepIndex">1</property>
</record>
<record>
  <date>2026-05-13T09:26:20.471813300Z</date>
  <millis>1778664380471</millis>
  <nanos>813300</nanos>
  <sequence>1568</sequence>
  <level>INFO</level>
  <class>com.kms.katalon.core.logging.XmlKeywordLogger</class>
  <method>logMessage</method>
  <thread>1</thread>
  <message>Starting &amp;apos;Chrome&amp;apos; driver</message>
  <nestedLevel>1</nestedLevel>
  <escapedJava>false</escapedJava>
</record>
<record>
  <date>2026-05-13T09:26:20.473679900Z</date>
  <millis>1778664380473</millis>
  <nanos>679900</nanos>
  <sequence>1569</sequence>
  <level>INFO</level>
  <class>com.kms.katalon.core.logging.XmlKeywordLogger</class>
  <method>logMessage</method>
  <thread>1</thread>
  <message>Action delay is set to 0 milliseconds</message>
  <nestedLevel>1</nestedLevel>
  <escapedJava>false</escapedJava>
</record>
<record>
  <date>2026-05-13T09:26:22.673631800Z</date>
  <millis>1778664382673</millis>
  <nanos>631800</nanos>
  <sequence>1572</sequence>
  <level>RUN_DATA</level>
  <class>com.kms.katalon.core.logging.XmlKeywordLogger</class>
  <method>logMessage</method>
  <thread>1</thread>
  <message>sessionId = 647c090d53b974bf0da3e8e59a4cd45d</message>
  <nestedLevel>1</nestedLevel>
  <escapedJava>false</escapedJava>
  <property name="sessionId">647c090d53b974bf0da3e8e59a4cd45d</property>
</record>
<record>
  <date>2026-05-13T09:26:22.675310200Z</date>
  <millis>1778664382675</millis>
  <nanos>310200</nanos>
  <sequence>1573</sequence>
  <level>RUN_DATA</level>
  <class>com.kms.katalon.core.logging.XmlKeywordLogger</class>
  <method>logMessage</method>
  <thread>1</thread>
  <message>browser = Chrome 147.0.7727.138</message>
  <nestedLevel>1</nestedLevel>
  <escapedJava>false</escapedJava>
  <property name="browser">Chrome 147.0.7727.138</property>
</record>
<record>
  <date>2026-05-13T09:26:22.676482500Z</date>
  <millis>1778664382676</millis>
  <nanos>482500</nanos>
  <sequence>1574</sequence>
  <level>RUN_DATA</level>
  <class>com.kms.katalon.core.logging.XmlKeywordLogger</class>
  <method>logMessage</method>
  <thread>1</thread>
  <message>platform = Windows 10</message>
  <nestedLevel>1</nestedLevel>
  <escapedJava>false</escapedJava>
  <property name="platform">Windows 10</property>
</record>
<record>
  <date>2026-05-13T09:26:22.677454100Z</date>
  <millis>1778664382677</millis>
  <nanos>454100</nanos>
  <sequence>1575</sequence>
  <level>RUN_DATA</level>
  <class>com.kms.katalon.core.logging.XmlKeywordLogger</class>
  <method>logMessage</method>
  <thread>1</thread>
  <message>seleniumVersion = 4.28.1</message>
  <nestedLevel>1</nestedLevel>
  <escapedJava>false</escapedJava>
  <property name="seleniumVersion">4.28.1</property>
</record>
<record>
  <date>2026-05-13T09:26:22.679457500Z</date>
  <millis>1778664382679</millis>
  <nanos>457500</nanos>
  <sequence>1576</sequence>
  <level>RUN_DATA</level>
  <class>com.kms.katalon.core.logging.XmlKeywordLogger</class>
  <method>logMessage</method>
  <thread>1</thread>
  <message>proxyInformation = ProxyInformation { proxyOption=NO_PROXY, proxyServerType=HTTP, username=, password=********, proxyServerAddress=, proxyServerPort=0, executionList=&amp;quot;&amp;quot;, isApplyToDesiredCapabilities=true }</message>
  <nestedLevel>1</nestedLevel>
  <escapedJava>false</escapedJava>
  <property name="proxyInformation">ProxyInformation { proxyOption=NO_PROXY, proxyServerType=HTTP, username=, password=********, proxyServerAddress=, proxyServerPort=0, executionList=&quot;&quot;, isApplyToDesiredCapabilities=true }</property>
</record>
<record>
  <date>2026-05-13T09:26:23.796269700Z</date>
  <millis>1778664383796</millis>
  <nanos>269700</nanos>
  <sequence>1578</sequence>
  <level>PASSED</level>
  <class>com.kms.katalon.core.logging.XmlKeywordLogger</class>
  <method>logMessage</method>
  <thread>1</thread>
  <message>Browser is opened with url: &amp;apos;https://parabank.parasoft.com&amp;apos;</message>
  <nestedLevel>1</nestedLevel>
  <escapedJava>false</escapedJava>
  <property name="testops-method-name">com.kms.katalon.core.webui.keyword.builtin.OpenBrowserKeyword.openBrowser</property>
  <property name="testops-execution-stacktrace"></property>
</record>
<record>
  <date>2026-05-13T09:26:24.673520800Z</date>
  <millis>1778664384673</millis>
  <nanos>520800</nanos>
  <sequence>1594</sequence>
  <level>PASSED</level>
  <class>com.kms.katalon.core.logging.XmlKeywordLogger</class>
  <method>logMessage</method>
  <thread>1</thread>
  <message>Text &amp;apos;Haryadi01&amp;apos; is set on object &amp;apos;Object Repository/Web/Login/txt_username&amp;apos;</message>
  <nestedLevel>1</nestedLevel>
  <escapedJava>false</escapedJava>
  <property name="testops-method-name">com.kms.katalon.core.webui.keyword.builtin.SetTextKeyword.setText</property>
  <property name="testops-execution-stacktrace"></property>
</record>
<record>
  <date>2026-05-13T09:26:25.274917900Z</date>
  <millis>1778664385274</millis>
  <nanos>917900</nanos>
  <sequence>1610</sequence>
  <level>PASSED</level>
  <class>com.kms.katalon.core.logging.XmlKeywordLogger</class>
  <method>logMessage</method>
  <thread>1</thread>
  <message>Text &amp;apos;qwerty123&amp;apos; is set on object &amp;apos;Object Repository/Web/Login/txt_password&amp;apos;</message>
  <nestedLevel>1</nestedLevel>
  <escapedJava>false</escapedJava>
  <property name="testops-method-name">com.kms.katalon.core.webui.keyword.builtin.SetTextKeyword.setText</property>
  <property name="testops-execution-stacktrace"></property>
</record>
<record>
  <date>2026-05-13T09:26:26.077332500Z</date>
  <millis>1778664386077</millis>
  <nanos>332500</nanos>
  <sequence>1620</sequence>
  <level>PASSED</level>
  <class>com.kms.katalon.core.logging.XmlKeywordLogger</class>
  <method>logMessage</method>
  <thread>1</thread>
  <message>Object: &amp;apos;Object Repository/Web/Login/btn_login&amp;apos; is clicked on</message>
  <nestedLevel>1</nestedLevel>
  <escapedJava>false</escapedJava>
  <property name="testops-method-name">com.kms.katalon.core.webui.keyword.builtin.ClickKeyword.click</property>
  <property name="testops-execution-stacktrace"></property>
</record>
<record>
  <date>2026-05-13T09:26:26.078340300Z</date>
  <millis>1778664386078</millis>
  <nanos>340300</nanos>
  <sequence>1621</sequence>
  <level>PASSED</level>
  <class>com.kms.katalon.core.logging.XmlKeywordLogger</class>
  <method>logMessage</method>
  <thread>1</thread>
  <message>common.WebHelper.login is PASSED</message>
  <nestedLevel>1</nestedLevel>
  <escapedJava>false</escapedJava>
</record>
<record>
  <date>2026-05-13T09:26:26.081128800Z</date>
  <millis>1778664386081</millis>
  <nanos>128800</nanos>
  <sequence>1622</sequence>
  <level>END</level>
  <class>com.kms.katalon.core.logging.XmlKeywordLogger</class>
  <method>endKeyword</method>
  <thread>1</thread>
  <message>End action : common.WebHelper.login(&amp;quot;Haryadi01&amp;quot;, &amp;quot;qwerty123&amp;quot;)</message>
  <nestedLevel>1</nestedLevel>
  <escapedJava>false</escapedJava>
</record>
<record>
  <date>2026-05-13T09:26:26.082122100Z</date>
  <millis>1778664386082</millis>
  <nanos>122100</nanos>
  <sequence>1623</sequence>
  <level>START</level>
  <class>com.kms.katalon.core.logging.XmlKeywordLogger</class>
  <method>startKeyword</method>
  <thread>1</thread>
  <message>Start action : click(findTestObject(&amp;quot;Web/Home/link_findTransfer&amp;quot;))</message>
  <nestedLevel>1</nestedLevel>
  <escapedJava>false</escapedJava>
  <property name="startLine">27</property>
  <property name="stepIndex">2</property>
</record>
<record>
  <date>2026-05-13T09:26:27.204927500Z</date>
  <millis>1778664387204</millis>
  <nanos>927500</nanos>
  <sequence>1633</sequence>
  <level>PASSED</level>
  <class>com.kms.katalon.core.logging.XmlKeywordLogger</class>
  <method>logMessage</method>
  <thread>1</thread>
  <message>Object: &amp;apos;Object Repository/Web/Home/link_findTransfer&amp;apos; is clicked on</message>
  <nestedLevel>1</nestedLevel>
  <escapedJava>false</escapedJava>
  <property name="testops-method-name">com.kms.katalon.core.webui.keyword.builtin.ClickKeyword.click</property>
  <property name="testops-execution-stacktrace"></property>
</record>
<record>
  <date>2026-05-13T09:26:27.208974200Z</date>
  <millis>1778664387208</millis>
  <nanos>974200</nanos>
  <sequence>1634</sequence>
  <level>END</level>
  <class>com.kms.katalon.core.logging.XmlKeywordLogger</class>
  <method>endKeyword</method>
  <thread>1</thread>
  <message>End action : click(findTestObject(&amp;quot;Web/Home/link_findTransfer&amp;quot;))</message>
  <nestedLevel>1</nestedLevel>
  <escapedJava>false</escapedJava>
</record>
<record>
  <date>2026-05-13T09:26:27.210344200Z</date>
  <millis>1778664387210</millis>
  <nanos>344200</nanos>
  <sequence>1635</sequence>
  <level>START</level>
  <class>com.kms.katalon.core.logging.XmlKeywordLogger</class>
  <method>startKeyword</method>
  <thread>1</thread>
  <message>Start action : driver = getWebDriver()</message>
  <nestedLevel>1</nestedLevel>
  <escapedJava>false</escapedJava>
  <property name="startLine">29</property>
  <property name="stepIndex">3</property>
</record>
<record>
  <date>2026-05-13T09:26:27.217219100Z</date>
  <millis>1778664387217</millis>
  <nanos>219100</nanos>
  <sequence>1636</sequence>
  <level>END</level>
  <class>com.kms.katalon.core.logging.XmlKeywordLogger</class>
  <method>endKeyword</method>
  <thread>1</thread>
  <message>End action : driver = getWebDriver()</message>
  <nestedLevel>1</nestedLevel>
  <escapedJava>false</escapedJava>
</record>
<record>
  <date>2026-05-13T09:26:27.218284200Z</date>
  <millis>1778664387218</millis>
  <nanos>284200</nanos>
  <sequence>1637</sequence>
  <level>START</level>
  <class>com.kms.katalon.core.logging.XmlKeywordLogger</class>
  <method>startKeyword</method>
  <thread>1</thread>
  <message>Start action : selectElement = new org.openqa.selenium.support.ui.Select(driver.findElement(org.openqa.selenium.By.cssSelector(#accountId)))</message>
  <nestedLevel>1</nestedLevel>
  <escapedJava>false</escapedJava>
  <property name="startLine">30</property>
  <property name="stepIndex">4</property>
</record>
<record>
  <date>2026-05-13T09:26:27.625720800Z</date>
  <millis>1778664387625</millis>
  <nanos>720800</nanos>
  <sequence>1639</sequence>
  <level>END</level>
  <class>com.kms.katalon.core.logging.XmlKeywordLogger</class>
  <method>endKeyword</method>
  <thread>1</thread>
  <message>End action : selectElement = new org.openqa.selenium.support.ui.Select(driver.findElement(org.openqa.selenium.By.cssSelector(#accountId)))</message>
  <nestedLevel>1</nestedLevel>
  <escapedJava>false</escapedJava>
</record>
<record>
  <date>2026-05-13T09:26:27.626708300Z</date>
  <millis>1778664387626</millis>
  <nanos>708300</nanos>
  <sequence>1640</sequence>
  <level>START</level>
  <class>com.kms.katalon.core.logging.XmlKeywordLogger</class>
  <method>startKeyword</method>
  <thread>1</thread>
  <message>Start action : options = selectElement.getOptions()</message>
  <nestedLevel>1</nestedLevel>
  <escapedJava>false</escapedJava>
  <property name="startLine">32</property>
  <property name="stepIndex">5</property>
</record>
<record>
  <date>2026-05-13T09:26:27.898735Z</date>
  <millis>1778664387898</millis>
  <nanos>735000</nanos>
  <sequence>1642</sequence>
  <level>END</level>
  <class>com.kms.katalon.core.logging.XmlKeywordLogger</class>
  <method>endKeyword</method>
  <thread>1</thread>
  <message>End action : options = selectElement.getOptions()</message>
  <nestedLevel>1</nestedLevel>
  <escapedJava>false</escapedJava>
</record>
<record>
  <date>2026-05-13T09:26:27.899732600Z</date>
  <millis>1778664387899</millis>
  <nanos>732600</nanos>
  <sequence>1643</sequence>
  <level>START</level>
  <class>com.kms.katalon.core.logging.XmlKeywordLogger</class>
  <method>startKeyword</method>
  <thread>1</thread>
  <message>Start action : options.each({ java.lang.Object option -&amp;gt; ... })</message>
  <nestedLevel>1</nestedLevel>
  <escapedJava>false</escapedJava>
  <property name="startLine">33</property>
  <property name="stepIndex">6</property>
</record>
<record>
  <date>2026-05-13T09:26:27.965413900Z</date>
  <millis>1778664387965</millis>
  <nanos>413900</nanos>
  <sequence>1644</sequence>
  <level>END</level>
  <class>com.kms.katalon.core.logging.XmlKeywordLogger</class>
  <method>endKeyword</method>
  <thread>1</thread>
  <message>End action : options.each({ java.lang.Object option -&amp;gt; ... })</message>
  <nestedLevel>1</nestedLevel>
  <escapedJava>false</escapedJava>
</record>
<record>
  <date>2026-05-13T09:26:27.966446700Z</date>
  <millis>1778664387966</millis>
  <nanos>446700</nanos>
  <sequence>1645</sequence>
  <level>START</level>
  <class>com.kms.katalon.core.logging.XmlKeywordLogger</class>
  <method>startKeyword</method>
  <thread>1</thread>
  <message>Start action : firstValue = get(0).getAttribute(&amp;quot;value&amp;quot;)</message>
  <nestedLevel>1</nestedLevel>
  <escapedJava>false</escapedJava>
  <property name="startLine">37</property>
  <property name="stepIndex">7</property>
</record>
<record>
  <date>2026-05-13T09:26:27.974763900Z</date>
  <millis>1778664387974</millis>
  <nanos>763900</nanos>
  <sequence>1646</sequence>
  <level>END</level>
  <class>com.kms.katalon.core.logging.XmlKeywordLogger</class>
  <method>endKeyword</method>
  <thread>1</thread>
  <message>End action : firstValue = get(0).getAttribute(&amp;quot;value&amp;quot;)</message>
  <nestedLevel>1</nestedLevel>
  <escapedJava>false</escapedJava>
</record>
<record>
  <date>2026-05-13T09:26:27.974763900Z</date>
  <millis>1778664387974</millis>
  <nanos>763900</nanos>
  <sequence>1647</sequence>
  <level>START</level>
  <class>com.kms.katalon.core.logging.XmlKeywordLogger</class>
  <method>startKeyword</method>
  <thread>1</thread>
  <message>Start action : selectElement.selectByValue(firstValue)</message>
  <nestedLevel>1</nestedLevel>
  <escapedJava>false</escapedJava>
  <property name="startLine">38</property>
  <property name="stepIndex">8</property>
</record>
<record>
  <date>2026-05-13T09:26:28.270293400Z</date>
  <millis>1778664388270</millis>
  <nanos>293400</nanos>
  <sequence>1649</sequence>
  <level>END</level>
  <class>com.kms.katalon.core.logging.XmlKeywordLogger</class>
  <method>endKeyword</method>
  <thread>1</thread>
  <message>End action : selectElement.selectByValue(firstValue)</message>
  <nestedLevel>1</nestedLevel>
  <escapedJava>false</escapedJava>
</record>
<record>
  <date>2026-05-13T09:26:28.270293400Z</date>
  <millis>1778664388270</millis>
  <nanos>293400</nanos>
  <sequence>1650</sequence>
  <level>START</level>
  <class>com.kms.katalon.core.logging.XmlKeywordLogger</class>
  <method>startKeyword</method>
  <thread>1</thread>
  <message>Start action : currentDate = common.WebHelper.getCurrentDate()</message>
  <nestedLevel>1</nestedLevel>
  <escapedJava>false</escapedJava>
  <property name="startLine">42</property>
  <property name="stepIndex">9</property>
</record>
<record>
  <date>2026-05-13T09:26:28.285169100Z</date>
  <millis>1778664388285</millis>
  <nanos>169100</nanos>
  <sequence>1651</sequence>
  <level>PASSED</level>
  <class>com.kms.katalon.core.logging.XmlKeywordLogger</class>
  <method>logMessage</method>
  <thread>1</thread>
  <message>common.WebHelper.getCurrentDate is PASSED</message>
  <nestedLevel>1</nestedLevel>
  <escapedJava>false</escapedJava>
</record>
<record>
  <date>2026-05-13T09:26:28.286113500Z</date>
  <millis>1778664388286</millis>
  <nanos>113500</nanos>
  <sequence>1652</sequence>
  <level>END</level>
  <class>com.kms.katalon.core.logging.XmlKeywordLogger</class>
  <method>endKeyword</method>
  <thread>1</thread>
  <message>End action : currentDate = common.WebHelper.getCurrentDate()</message>
  <nestedLevel>1</nestedLevel>
  <escapedJava>false</escapedJava>
</record>
<record>
  <date>2026-05-13T09:26:28.286113500Z</date>
  <millis>1778664388286</millis>
  <nanos>113500</nanos>
  <sequence>1653</sequence>
  <level>START</level>
  <class>com.kms.katalon.core.logging.XmlKeywordLogger</class>
  <method>startKeyword</method>
  <thread>1</thread>
  <message>Start action : setText(findTestObject(&amp;quot;Web/FindTransf/txt_fromDate&amp;quot;), currentDate)</message>
  <nestedLevel>1</nestedLevel>
  <escapedJava>false</escapedJava>
  <property name="startLine">43</property>
  <property name="stepIndex">10</property>
</record>
<record>
  <date>2026-05-13T09:26:28.899911200Z</date>
  <millis>1778664388899</millis>
  <nanos>911200</nanos>
  <sequence>1669</sequence>
  <level>PASSED</level>
  <class>com.kms.katalon.core.logging.XmlKeywordLogger</class>
  <method>logMessage</method>
  <thread>1</thread>
  <message>Text &amp;apos;05-13-2026&amp;apos; is set on object &amp;apos;Object Repository/Web/FindTransf/txt_fromDate&amp;apos;</message>
  <nestedLevel>1</nestedLevel>
  <escapedJava>false</escapedJava>
  <property name="testops-method-name">com.kms.katalon.core.webui.keyword.builtin.SetTextKeyword.setText</property>
  <property name="testops-execution-stacktrace"></property>
</record>
<record>
  <date>2026-05-13T09:26:28.902911400Z</date>
  <millis>1778664388902</millis>
  <nanos>911400</nanos>
  <sequence>1670</sequence>
  <level>END</level>
  <class>com.kms.katalon.core.logging.XmlKeywordLogger</class>
  <method>endKeyword</method>
  <thread>1</thread>
  <message>End action : setText(findTestObject(&amp;quot;Web/FindTransf/txt_fromDate&amp;quot;), currentDate)</message>
  <nestedLevel>1</nestedLevel>
  <escapedJava>false</escapedJava>
</record>
<record>
  <date>2026-05-13T09:26:28.903458700Z</date>
  <millis>1778664388903</millis>
  <nanos>458700</nanos>
  <sequence>1671</sequence>
  <level>START</level>
  <class>com.kms.katalon.core.logging.XmlKeywordLogger</class>
  <method>startKeyword</method>
  <thread>1</thread>
  <message>Start action : setText(findTestObject(&amp;quot;Web/FindTransf/txt_toDate&amp;quot;), currentDate)</message>
  <nestedLevel>1</nestedLevel>
  <escapedJava>false</escapedJava>
  <property name="startLine">44</property>
  <property name="stepIndex">11</property>
</record>
<record>
  <date>2026-05-13T09:26:29.509115200Z</date>
  <millis>1778664389509</millis>
  <nanos>115200</nanos>
  <sequence>1687</sequence>
  <level>PASSED</level>
  <class>com.kms.katalon.core.logging.XmlKeywordLogger</class>
  <method>logMessage</method>
  <thread>1</thread>
  <message>Text &amp;apos;05-13-2026&amp;apos; is set on object &amp;apos;Object Repository/Web/FindTransf/txt_toDate&amp;apos;</message>
  <nestedLevel>1</nestedLevel>
  <escapedJava>false</escapedJava>
  <property name="testops-method-name">com.kms.katalon.core.webui.keyword.builtin.SetTextKeyword.setText</property>
  <property name="testops-execution-stacktrace"></property>
</record>
<record>
  <date>2026-05-13T09:26:29.510676600Z</date>
  <millis>1778664389510</millis>
  <nanos>676600</nanos>
  <sequence>1688</sequence>
  <level>END</level>
  <class>com.kms.katalon.core.logging.XmlKeywordLogger</class>
  <method>endKeyword</method>
  <thread>1</thread>
  <message>End action : setText(findTestObject(&amp;quot;Web/FindTransf/txt_toDate&amp;quot;), currentDate)</message>
  <nestedLevel>1</nestedLevel>
  <escapedJava>false</escapedJava>
</record>
<record>
  <date>2026-05-13T09:26:29.510676600Z</date>
  <millis>1778664389510</millis>
  <nanos>676600</nanos>
  <sequence>1689</sequence>
  <level>START</level>
  <class>com.kms.katalon.core.logging.XmlKeywordLogger</class>
  <method>startKeyword</method>
  <thread>1</thread>
  <message>Start action : click(findTestObject(&amp;quot;Web/FindTransf/btn_findByDateRange&amp;quot;))</message>
  <nestedLevel>1</nestedLevel>
  <escapedJava>false</escapedJava>
  <property name="startLine">46</property>
  <property name="stepIndex">12</property>
</record>
<record>
  <date>2026-05-13T09:26:29.829556900Z</date>
  <millis>1778664389829</millis>
  <nanos>556900</nanos>
  <sequence>1699</sequence>
  <level>PASSED</level>
  <class>com.kms.katalon.core.logging.XmlKeywordLogger</class>
  <method>logMessage</method>
  <thread>1</thread>
  <message>Object: &amp;apos;Object Repository/Web/FindTransf/btn_findByDateRange&amp;apos; is clicked on</message>
  <nestedLevel>1</nestedLevel>
  <escapedJava>false</escapedJava>
  <property name="testops-method-name">com.kms.katalon.core.webui.keyword.builtin.ClickKeyword.click</property>
  <property name="testops-execution-stacktrace"></property>
</record>
<record>
  <date>2026-05-13T09:26:29.830527800Z</date>
  <millis>1778664389830</millis>
  <nanos>527800</nanos>
  <sequence>1700</sequence>
  <level>END</level>
  <class>com.kms.katalon.core.logging.XmlKeywordLogger</class>
  <method>endKeyword</method>
  <thread>1</thread>
  <message>End action : click(findTestObject(&amp;quot;Web/FindTransf/btn_findByDateRange&amp;quot;))</message>
  <nestedLevel>1</nestedLevel>
  <escapedJava>false</escapedJava>
</record>
<record>
  <date>2026-05-13T09:26:29.831533800Z</date>
  <millis>1778664389831</millis>
  <nanos>533800</nanos>
  <sequence>1701</sequence>
  <level>START</level>
  <class>com.kms.katalon.core.logging.XmlKeywordLogger</class>
  <method>startKeyword</method>
  <thread>1</thread>
  <message>Start action : waitForElementPresent(findTestObject(&amp;quot;Web/FindTransf/tbl_result&amp;quot;), 5)</message>
  <nestedLevel>1</nestedLevel>
  <escapedJava>false</escapedJava>
  <property name="startLine">48</property>
  <property name="stepIndex">13</property>
</record>
<record>
  <date>2026-05-13T09:26:30.529455600Z</date>
  <millis>1778664390529</millis>
  <nanos>455600</nanos>
  <sequence>1709</sequence>
  <level>PASSED</level>
  <class>com.kms.katalon.core.logging.XmlKeywordLogger</class>
  <method>logMessage</method>
  <thread>1</thread>
  <message>Object &amp;apos;Object Repository/Web/FindTransf/tbl_result&amp;apos; is present</message>
  <nestedLevel>1</nestedLevel>
  <escapedJava>false</escapedJava>
  <property name="testops-method-name">com.kms.katalon.core.webui.keyword.builtin.WaitForElementPresentKeyword.waitForElementPresent</property>
  <property name="testops-execution-stacktrace"></property>
</record>
<record>
  <date>2026-05-13T09:26:30.530461300Z</date>
  <millis>1778664390530</millis>
  <nanos>461300</nanos>
  <sequence>1710</sequence>
  <level>END</level>
  <class>com.kms.katalon.core.logging.XmlKeywordLogger</class>
  <method>endKeyword</method>
  <thread>1</thread>
  <message>End action : waitForElementPresent(findTestObject(&amp;quot;Web/FindTransf/tbl_result&amp;quot;), 5)</message>
  <nestedLevel>1</nestedLevel>
  <escapedJava>false</escapedJava>
</record>
<record>
  <date>2026-05-13T09:26:30.531457900Z</date>
  <millis>1778664390531</millis>
  <nanos>457900</nanos>
  <sequence>1711</sequence>
  <level>START</level>
  <class>com.kms.katalon.core.logging.XmlKeywordLogger</class>
  <method>startKeyword</method>
  <thread>1</thread>
  <message>Start action : verifyElementPresent(findTestObject(&amp;quot;Web/FindTransf/tbl_firstRow&amp;quot;), 5)</message>
  <nestedLevel>1</nestedLevel>
  <escapedJava>false</escapedJava>
  <property name="startLine">49</property>
  <property name="stepIndex">14</property>
</record>
<record>
  <date>2026-05-13T09:26:30.806901500Z</date>
  <millis>1778664390806</millis>
  <nanos>901500</nanos>
  <sequence>1719</sequence>
  <level>PASSED</level>
  <class>com.kms.katalon.core.logging.XmlKeywordLogger</class>
  <method>logMessage</method>
  <thread>1</thread>
  <message>Object &amp;apos;Object Repository/Web/FindTransf/tbl_firstRow&amp;apos; is present</message>
  <nestedLevel>1</nestedLevel>
  <escapedJava>false</escapedJava>
  <property name="testops-is-assertion">true</property>
  <property name="testops-method-name">com.kms.katalon.core.webui.keyword.builtin.VerifyElementPresentKeyword.verifyElementPresent</property>
  <property name="testops-execution-stacktrace"></property>
</record>
<record>
  <date>2026-05-13T09:26:30.807892Z</date>
  <millis>1778664390807</millis>
  <nanos>892000</nanos>
  <sequence>1720</sequence>
  <level>END</level>
  <class>com.kms.katalon.core.logging.XmlKeywordLogger</class>
  <method>endKeyword</method>
  <thread>1</thread>
  <message>End action : verifyElementPresent(findTestObject(&amp;quot;Web/FindTransf/tbl_firstRow&amp;quot;), 5)</message>
  <nestedLevel>1</nestedLevel>
  <escapedJava>false</escapedJava>
</record>
<record>
  <date>2026-05-13T09:26:30.808878200Z</date>
  <millis>1778664390808</millis>
  <nanos>878200</nanos>
  <sequence>1721</sequence>
  <level>START</level>
  <class>com.kms.katalon.core.logging.XmlKeywordLogger</class>
  <method>startKeyword</method>
  <thread>1</thread>
  <message>Start action : takeScreenshot(screenshotPath + &amp;quot;TC-FindByDate Success.png&amp;quot;)</message>
  <nestedLevel>1</nestedLevel>
  <escapedJava>false</escapedJava>
  <property name="startLine">50</property>
  <property name="stepIndex">15</property>
</record>
<record>
  <date>2026-05-13T09:26:31.162252Z</date>
  <millis>1778664391162</millis>
  <nanos>252000</nanos>
  <sequence>1723</sequence>
  <level>PASSED</level>
  <class>com.kms.katalon.core.logging.XmlKeywordLogger</class>
  <method>logMessage</method>
  <thread>1</thread>
  <message>Taking screenshot successfully</message>
  <nestedLevel>1</nestedLevel>
  <escapedJava>false</escapedJava>
  <property name="attachment">C:\Users\AVOWS\git\Katalon-Testing-web-automation\screenshot\TC-FindByDate Success.png</property>
  <property name="testops-method-name">com.kms.katalon.core.webui.keyword.builtin.TakeScreenshotKeyword.takeScreenshot</property>
  <property name="testops-execution-stacktrace"></property>
</record>
<record>
  <date>2026-05-13T09:26:31.163770Z</date>
  <millis>1778664391163</millis>
  <nanos>770000</nanos>
  <sequence>1724</sequence>
  <level>END</level>
  <class>com.kms.katalon.core.logging.XmlKeywordLogger</class>
  <method>endKeyword</method>
  <thread>1</thread>
  <message>End action : takeScreenshot(screenshotPath + &amp;quot;TC-FindByDate Success.png&amp;quot;)</message>
  <nestedLevel>1</nestedLevel>
  <escapedJava>false</escapedJava>
</record>
<record>
  <date>2026-05-13T09:26:31.164761600Z</date>
  <millis>1778664391164</millis>
  <nanos>761600</nanos>
  <sequence>1725</sequence>
  <level>START</level>
  <class>com.kms.katalon.core.logging.XmlKeywordLogger</class>
  <method>startKeyword</method>
  <thread>1</thread>
  <message>Start action : closeBrowser()</message>
  <nestedLevel>1</nestedLevel>
  <escapedJava>false</escapedJava>
  <property name="startLine">52</property>
  <property name="stepIndex">16</property>
</record>
<record>
  <date>2026-05-13T09:26:31.475323700Z</date>
  <millis>1778664391475</millis>
  <nanos>323700</nanos>
  <sequence>1727</sequence>
  <level>PASSED</level>
  <class>com.kms.katalon.core.logging.XmlKeywordLogger</class>
  <method>logMessage</method>
  <thread>1</thread>
  <message>Browser is closed</message>
  <nestedLevel>1</nestedLevel>
  <escapedJava>false</escapedJava>
  <property name="testops-method-name">com.kms.katalon.core.webui.keyword.builtin.CloseBrowserKeyword.closeBrowser</property>
  <property name="testops-execution-stacktrace"></property>
</record>
<record>
  <date>2026-05-13T09:26:31.475813900Z</date>
  <millis>1778664391475</millis>
  <nanos>813900</nanos>
  <sequence>1728</sequence>
  <level>END</level>
  <class>com.kms.katalon.core.logging.XmlKeywordLogger</class>
  <method>endKeyword</method>
  <thread>1</thread>
  <message>End action : closeBrowser()</message>
  <nestedLevel>1</nestedLevel>
  <escapedJava>false</escapedJava>
</record>
<record>
  <date>2026-05-13T09:26:31.476822500Z</date>
  <millis>1778664391476</millis>
  <nanos>822500</nanos>
  <sequence>1729</sequence>
  <level>START</level>
  <class>com.kms.katalon.core.logging.XmlKeywordLogger</class>
  <method>startKeyword</method>
  <thread>1</thread>
  <message>Start action : println(&amp;quot;TC-FTR-01 ByAmount Pass - Mencari transaksi menggunakan amount berhasil&amp;quot;)</message>
  <nestedLevel>1</nestedLevel>
  <escapedJava>false</escapedJava>
  <property name="startLine">53</property>
  <property name="stepIndex">17</property>
</record>
<record>
  <date>2026-05-13T09:26:31.477820600Z</date>
  <millis>1778664391477</millis>
  <nanos>820600</nanos>
  <sequence>1730</sequence>
  <level>END</level>
  <class>com.kms.katalon.core.logging.XmlKeywordLogger</class>
  <method>endKeyword</method>
  <thread>1</thread>
  <message>End action : println(&amp;quot;TC-FTR-01 ByAmount Pass - Mencari transaksi menggunakan amount berhasil&amp;quot;)</message>
  <nestedLevel>1</nestedLevel>
  <escapedJava>false</escapedJava>
</record>
<record>
  <date>2026-05-13T09:26:31.478861600Z</date>
  <millis>1778664391478</millis>
  <nanos>861600</nanos>
  <sequence>1731</sequence>
  <level>PASSED</level>
  <class>com.kms.katalon.core.logging.XmlKeywordLogger</class>
  <method>logMessage</method>
  <thread>1</thread>
  <message>Test Cases/Web/FindTransfer/TC-FTR_02 ByDate</message>
  <nestedLevel>1</nestedLevel>
  <escapedJava>false</escapedJava>
</record>
<record>
  <date>2026-05-13T09:26:31.479812100Z</date>
  <millis>1778664391479</millis>
  <nanos>812100</nanos>
  <sequence>1732</sequence>
  <level>END</level>
  <class>com.kms.katalon.core.logging.XmlKeywordLogger</class>
  <method>endTest</method>
  <thread>1</thread>
  <message>End Test Case : Test Cases/Web/FindTransfer/TC-FTR_02 ByDate</message>
  <nestedLevel>0</nestedLevel>
  <escapedJava>false</escapedJava>
  <property name="executionBindingVariables">[]</property>
  <property name="applitools">false</property>
  <property name="keywordsUsage">{
  &quot;web_ui&quot;: true,
  &quot;web_service&quot;: false,
  &quot;cucumber&quot;: false,
  &quot;builtin&quot;: false,
  &quot;mobile&quot;: false,
  &quot;windows&quot;: false,
  &quot;testng&quot;: false
}</property>
</record>
<record>
  <date>2026-05-13T09:26:31.543295200Z</date>
  <millis>1778664391543</millis>
  <nanos>295200</nanos>
  <sequence>1733</sequence>
  <level>END</level>
  <class>com.kms.katalon.core.logging.XmlKeywordLogger</class>
  <method>endSuite</method>
  <thread>1</thread>
  <message>End Test Suite : Test Suites/TS-Web_Regession</message>
  <nestedLevel>0</nestedLevel>
  <escapedJava>false</escapedJava>
</record>
</log>
